"심사년도","국민관심진료행위코드","국민관심진료행위명","성별구분","의료 서비스","5세연령대","환자수","1인당_평균사용량","1인당_평균진료금"
"2020-2024","0001",C형간염(hepatitis C)검사,여,통원,"10_14세",17211.0,1.1,18105.0
"2020-2024","0001",C형간염(hepatitis C)검사,남,통원,"10_14세",30548.4,1.1,18115.0
"2020-2024","0001",C형간염(hepatitis C)검사,여,통원,"15_19세",32763.4,1.1,18992.0
"2020-2024","0001",C형간염(hepatitis C)검사,남,통원,"15_19세",54722.6,1.1,18695.0
"2020-2024","0001",C형간염(hepatitis C)검사,여,통원,"1_4세",10065.8,1.1,18237.0
"2020-2024","0001",C형간염(hepatitis C)검사,남,통원,"1_4세",13945.0,1.1,18136.0
"2020-2024","0001",C형간염(hepatitis C)검사,여,통원,"20_24세",64039.2,1.1,19247.0
"2020-2024","0001",C형간염(hepatitis C)검사,남,통원,"20_24세",78948.8,1.1,18763.0
"2020-2024","0001",C형간염(hepatitis C)검사,여,통원,"25_29세",100976.4,1.1,18595.0
"2020-2024","0001",C형간염(hepatitis C)검사,남,통원,"25_29세",97873.6,1.1,18649.0
"2020-2024","0001",C형간염(hepatitis C)검사,여,통원,"30_34세",147226.4,1.2,18044.0
"2020-2024","0001",C형간염(hepatitis C)검사,남,통원,"30_34세",106969.8,1.1,18694.0
"2020-2024","0001",C형간염(hepatitis C)검사,여,통원,"35_39세",147769.0,1.2,18506.0
"2020-2024","0001",C형간염(hepatitis C)검사,남,통원,"35_39세",120916.4,1.2,19002.0
"2020-2024","0001",C형간염(hepatitis C)검사,여,통원,"40_44세",155860.6,1.2,19512.0
"2020-2024","0001",C형간염(hepatitis C)검사,남,통원,"40_44세",146472.4,1.2,19698.0
"2020-2024","0001",C형간염(hepatitis C)검사,여,통원,"45_49세",167177.2,1.2,20510.0
"2020-2024","0001",C형간염(hepatitis C)검사,남,통원,"45_49세",154008.8,1.2,20985.0
"2020-2024","0001",C형간염(hepatitis C)검사,여,통원,"50_54세",209846.0,1.2,21517.0
"2020-2024","0001",C형간염(hepatitis C)검사,남,통원,"50_54세",184818.6,1.2,22971.0
"2020-2024","0001",C형간염(hepatitis C)검사,여,통원,"55_59세",222533.4,1.2,22232.0
"2020-2024","0001",C형간염(hepatitis C)검사,남,통원,"55_59세",203440.0,1.2,23262.0
"2020-2024","0001",C형간염(hepatitis C)검사,여,통원,"5_9세",16726.8,1.1,16950.0
"2020-2024","0001",C형간염(hepatitis C)검사,남,통원,"5_9세",22908.8,1.1,17218.0
"2020-2024","0001",C형간염(hepatitis C)검사,여,통원,"60_64세",258071.0,1.2,22600.0
"2020-2024","0001",C형간염(hepatitis C)검사,남,통원,"60_64세",238646.4,1.3,23215.0
"2020-2024","0001",C형간염(hepatitis C)검사,여,통원,"65_69세",222041.2,1.3,23101.0
"2020-2024","0001",C형간염(hepatitis C)검사,남,통원,"65_69세",204847.8,1.3,23527.0
"2020-2024","0001",C형간염(hepatitis C)검사,여,통원,"70_74세",175557.4,1.3,23618.0
"2020-2024","0001",C형간염(hepatitis C)검사,남,통원,"70_74세",161027.2,1.3,24005.0
"2020-2024","0001",C형간염(hepatitis C)검사,여,통원,"75_79세",150238.6,1.3,24260.0
"2020-2024","0001",C형간염(hepatitis C)검사,남,통원,"75_79세",127255.0,1.4,24670.0
"2020-2024","0001",C형간염(hepatitis C)검사,여,통원,"80세 이상",232299.8,1.3,24321.0
"2020-2024","0001",C형간염(hepatitis C)검사,남,통원,"80세 이상",143662.6,1.4,24992.0
"2020-2024","0002",가정간호,여,가정간호,"10_14세",45.0,14.9,1102019.0
"2020-2024","0002",가정간호,남,가정간호,"10_14세",59.4,11.5,860589.0
"2020-2024","0002",가정간호,여,가정간호,"15_19세",51.2,14.4,1074874.0
"2020-2024","0002",가정간호,남,가정간호,"15_19세",73.6,8.1,597471.0
"2020-2024","0002",가정간호,여,가정간호,"1_4세",49.0,16.9,1303664.0
"2020-2024","0002",가정간호,남,가정간호,"1_4세",50.0,14.9,1139251.0
"2020-2024","0002",가정간호,여,가정간호,"20_24세",84.4,7.0,526839.0
"2020-2024","0002",가정간호,남,가정간호,"20_24세",117.2,10.5,771216.0
"2020-2024","0002",가정간호,여,가정간호,"25_29세",176.6,3.9,282772.0
"2020-2024","0002",가정간호,남,가정간호,"25_29세",140.0,10.7,790852.0
"2020-2024","0002",가정간호,여,가정간호,"30_34세",676.6,2.3,171091.0
"2020-2024","0002",가정간호,남,가정간호,"30_34세",132.0,10.1,745423.0
"2020-2024","0002",가정간호,여,가정간호,"35_39세",737.0,3.0,220205.0
"2020-2024","0002",가정간호,남,가정간호,"35_39세",141.6,11.3,829640.0
"2020-2024","0002",가정간호,여,가정간호,"40_44세",466.8,5.2,384496.0
"2020-2024","0002",가정간호,남,가정간호,"40_44세",191.4,12.0,882150.0
"2020-2024","0002",가정간호,여,가정간호,"45_49세",400.8,8.2,593972.0
"2020-2024","0002",가정간호,남,가정간호,"45_49세",238.0,10.7,757620.0
"2020-2024","0002",가정간호,여,가정간호,"50_54세",557.0,9.9,712360.0
"2020-2024","0002",가정간호,남,가정간호,"50_54세",372.4,11.5,813674.0
"2020-2024","0002",가정간호,여,가정간호,"55_59세",823.6,9.7,671398.0
"2020-2024","0002",가정간호,남,가정간호,"55_59세",671.4,9.8,662602.0
"2020-2024","0002",가정간호,여,가정간호,"5_9세",31.2,29.2,2187101.0
"2020-2024","0002",가정간호,남,가정간호,"5_9세",36.8,22.5,1675586.0
"2020-2024","0002",가정간호,여,가정간호,"60_64세",1402.6,9.5,644236.0
"2020-2024","0002",가정간호,남,가정간호,"60_64세",1274.0,9.4,627041.0
"2020-2024","0002",가정간호,여,가정간호,"65_69세",2161.8,9.0,571359.0
"2020-2024","0002",가정간호,남,가정간호,"65_69세",2047.4,9.1,576139.0
"2020-2024","0002",가정간호,여,가정간호,"70_74세",3553.8,8.5,493357.0
"2020-2024","0002",가정간호,남,가정간호,"70_74세",2980.6,9.0,544060.0
"2020-2024","0002",가정간호,여,가정간호,"75_79세",7845.8,8.0,424251.0
"2020-2024","0002",가정간호,남,가정간호,"75_79세",4526.2,8.4,486542.0
"2020-2024","0002",가정간호,여,가정간호,"80세 이상",54064.4,7.3,340702.0
"2020-2024","0002",가정간호,남,가정간호,"80세 이상",15572.6,7.6,402816.0
"2020-2024","0003",간암열치료술,여,수술,"10_14세",1.7,0.9,600128.0
"2020-2024","0003",간암열치료술,남,수술,"15_19세",1.0,1.0,695065.0
"2020-2024","0003",간암열치료술,여,수술,"20_24세",1.3,1.6,1076472.0
"2020-2024","0003",간암열치료술,남,수술,"20_24세",1.0,1.0,493363.0
"2020-2024","0003",간암열치료술,여,수술,"25_29세",1.6,1.4,982461.0
"2020-2024","0003",간암열치료술,남,수술,"25_29세",3.4,1.2,753007.0
"2020-2024","0003",간암열치료술,여,수술,"30_34세",3.4,1.3,653228.0
"2020-2024","0003",간암열치료술,남,수술,"30_34세",4.2,1.1,669058.0
"2020-2024","0003",간암열치료술,여,수술,"35_39세",10.2,1.1,665329.0
"2020-2024","0003",간암열치료술,남,수술,"35_39세",15.6,1.1,674486.0
"2020-2024","0003",간암열치료술,여,수술,"40_44세",20.2,1.1,689485.0
"2020-2024","0003",간암열치료술,남,수술,"40_44세",50.2,1.1,672522.0
"2020-2024","0003",간암열치료술,여,수술,"45_49세",31.2,1.1,666296.0
"2020-2024","0003",간암열치료술,남,수술,"45_49세",95.8,1.1,689821.0
"2020-2024","0003",간암열치료술,여,수술,"50_54세",52.0,1.1,686801.0
"2020-2024","0003",간암열치료술,남,수술,"50_54세",222.0,1.1,671604.0
"2020-2024","0003",간암열치료술,여,수술,"55_59세",77.2,1.1,674669.0
"2020-2024","0003",간암열치료술,남,수술,"55_59세",370.6,1.1,674645.0
"2020-2024","0003",간암열치료술,여,수술,"60_64세",122.0,1.1,666574.0
"2020-2024","0003",간암열치료술,남,수술,"60_64세",533.2,1.1,677064.0
"2020-2024","0003",간암열치료술,여,수술,"65_69세",152.0,1.1,686449.0
"2020-2024","0003",간암열치료술,남,수술,"65_69세",536.2,1.1,676771.0
"2020-2024","0003",간암열치료술,여,수술,"70_74세",151.6,1.1,664386.0
"2020-2024","0003",간암열치료술,남,수술,"70_74세",454.4,1.1,679249.0
"2020-2024","0003",간암열치료술,여,수술,"75_79세",121.6,1.1,669928.0
"2020-2024","0003",간암열치료술,남,수술,"75_79세",288.8,1.1,678454.0
"2020-2024","0003",간암열치료술,여,수술,"80세 이상",98.6,1.1,670486.0
"2020-2024","0003",간암열치료술,남,수술,"80세 이상",187.6,1.1,674151.0
"2020-2024","0004",갑상선 수술,여,수술,"10_14세",28.2,1.1,1035413.0
"2020-2024","0004",갑상선 수술,남,수술,"10_14세",9.2,1.0,966468.0
"2020-2024","0004",갑상선 수술,여,수술,"15_19세",104.8,1.1,963553.0
"2020-2024","0004",갑상선 수술,남,수술,"15_19세",38.8,1.1,958892.0
"2020-2024","0004",갑상선 수술,여,수술,"1_4세",1.0,1.0,1548209.0
"2020-2024","0004",갑상선 수술,남,수술,"1_4세",1.0,1.0,1829086.0
"2020-2024","0004",갑상선 수술,여,수술,"20_24세",426.0,1.1,934549.0
"2020-2024","0004",갑상선 수술,남,수술,"20_24세",127.0,1.1,955986.0
"2020-2024","0004",갑상선 수술,여,수술,"25_29세",1129.4,1.1,891303.0
"2020-2024","0004",갑상선 수술,남,수술,"25_29세",442.0,1.1,908845.0
"2020-2024","0004",갑상선 수술,여,수술,"30_34세",1828.8,1.1,866147.0
"2020-2024","0004",갑상선 수술,남,수술,"30_34세",808.8,1.1,893257.0
"2020-2024","0004",갑상선 수술,여,수술,"35_39세",2398.6,1.1,855050.0
"2020-2024","0004",갑상선 수술,남,수술,"35_39세",1021.4,1.1,875078.0
"2020-2024","0004",갑상선 수술,여,수술,"40_44세",3281.2,1.1,856834.0
"2020-2024","0004",갑상선 수술,남,수술,"40_44세",1258.0,1.1,864700.0
"2020-2024","0004",갑상선 수술,여,수술,"45_49세",3055.6,1.1,857451.0
"2020-2024","0004",갑상선 수술,남,수술,"45_49세",1062.4,1.1,870693.0
"2020-2024","0004",갑상선 수술,여,수술,"50_54세",3346.4,1.1,859211.0
"2020-2024","0004",갑상선 수술,남,수술,"50_54세",1065.0,1.1,865980.0
"2020-2024","0004",갑상선 수술,여,수술,"55_59세",2860.0,1.1,858484.0
"2020-2024","0004",갑상선 수술,남,수술,"55_59세",961.0,1.2,867356.0
"2020-2024","0004",갑상선 수술,여,수술,"5_9세",3.3,1.2,914290.0
"2020-2024","0004",갑상선 수술,남,수술,"5_9세",2.0,1.0,1031344.0
"2020-2024","0004",갑상선 수술,여,수술,"60_64세",2702.8,1.1,872212.0
"2020-2024","0004",갑상선 수술,남,수술,"60_64세",905.0,1.1,862524.0
"2020-2024","0004",갑상선 수술,여,수술,"65_69세",1670.8,1.2,877410.0
"2020-2024","0004",갑상선 수술,남,수술,"65_69세",583.8,1.1,855622.0
"2020-2024","0004",갑상선 수술,여,수술,"70_74세",944.2,1.1,891875.0
"2020-2024","0004",갑상선 수술,남,수술,"70_74세",309.0,1.1,865809.0
"2020-2024","0004",갑상선 수술,여,수술,"75_79세",463.0,1.2,904848.0
"2020-2024","0004",갑상선 수술,남,수술,"75_79세",161.8,1.1,866025.0
"2020-2024","0004",갑상선 수술,여,수술,"80세 이상",206.0,1.2,945511.0
"2020-2024","0004",갑상선 수술,남,수술,"80세 이상",75.2,1.1,879059.0
"2020-2024","0005",격리실 입원료_일반,여,입원,"10_14세",7017.6,4.0,684373.0
"2020-2024","0005",격리실 입원료_일반,남,입원,"10_14세",7986.6,3.9,686881.0
"2020-2024","0005",격리실 입원료_일반,여,입원,"15_19세",4195.8,4.2,732632.0
"2020-2024","0005",격리실 입원료_일반,남,입원,"15_19세",4283.6,4.3,768443.0
"2020-2024","0005",격리실 입원료_일반,여,입원,"1_4세",22301.8,3.5,637106.0
"2020-2024","0005",격리실 입원료_일반,남,입원,"1_4세",25187.0,3.4,638425.0
"2020-2024","0005",격리실 입원료_일반,여,입원,"20_24세",3222.4,4.8,845358.0
"2020-2024","0005",격리실 입원료_일반,남,입원,"20_24세",2901.0,5.1,921792.0
"2020-2024","0005",격리실 입원료_일반,여,입원,"25_29세",3682.0,4.5,786212.0
"2020-2024","0005",격리실 입원료_일반,남,입원,"25_29세",3046.0,5.7,1023727.0
"2020-2024","0005",격리실 입원료_일반,여,입원,"30_34세",4590.8,4.4,757800.0
"2020-2024","0005",격리실 입원료_일반,남,입원,"30_34세",3040.6,5.7,1011842.0
"2020-2024","0005",격리실 입원료_일반,여,입원,"35_39세",5423.4,4.9,839008.0
"2020-2024","0005",격리실 입원료_일반,남,입원,"35_39세",3794.4,6.1,1054891.0
"2020-2024","0005",격리실 입원료_일반,여,입원,"40_44세",5598.2,5.6,961495.0
"2020-2024","0005",격리실 입원료_일반,남,입원,"40_44세",4607.2,6.6,1145188.0
"2020-2024","0005",격리실 입원료_일반,여,입원,"45_49세",5334.6,6.8,1185429.0
"2020-2024","0005",격리실 입원료_일반,남,입원,"45_49세",4863.0,8.0,1372921.0
"2020-2024","0005",격리실 입원료_일반,여,입원,"50_54세",6443.0,7.5,1280738.0
"2020-2024","0005",격리실 입원료_일반,남,입원,"50_54세",5939.0,9.9,1638876.0
"2020-2024","0005",격리실 입원료_일반,여,입원,"55_59세",7346.4,8.2,1372606.0
"2020-2024","0005",격리실 입원료_일반,남,입원,"55_59세",7063.2,11.0,1810424.0
"2020-2024","0005",격리실 입원료_일반,여,입원,"5_9세",12651.0,3.6,628153.0
"2020-2024","0005",격리실 입원료_일반,남,입원,"5_9세",13822.8,3.6,634862.0
"2020-2024","0005",격리실 입원료_일반,여,입원,"60_64세",9846.2,9.3,1534042.0
"2020-2024","0005",격리실 입원료_일반,남,입원,"60_64세",9957.0,12.1,1936073.0
"2020-2024","0005",격리실 입원료_일반,여,입원,"65_69세",9885.8,11.0,1724402.0
"2020-2024","0005",격리실 입원료_일반,남,입원,"65_69세",10763.2,13.3,2054811.0
"2020-2024","0005",격리실 입원료_일반,여,입원,"70_74세",10331.0,13.4,1916108.0
"2020-2024","0005",격리실 입원료_일반,남,입원,"70_74세",11406.4,14.4,2134102.0
"2020-2024","0005",격리실 입원료_일반,여,입원,"75_79세",12902.6,15.5,2034478.0
"2020-2024","0005",격리실 입원료_일반,남,입원,"75_79세",12427.6,15.6,2192611.0
"2020-2024","0005",격리실 입원료_일반,여,입원,"80세 이상",42637.2,15.7,1781984.0
"2020-2024","0005",격리실 입원료_일반,남,입원,"80세 이상",24222.4,16.4,2102797.0
"2020-2024","0006",격리실 입원료_음압,여,입원,"10_14세",745.2,6.6,1453811.0
"2020-2024","0006",격리실 입원료_음압,남,입원,"10_14세",937.0,6.8,1480193.0
"2020-2024","0006",격리실 입원료_음압,여,입원,"15_19세",900.0,6.6,1439790.0
"2020-2024","0006",격리실 입원료_음압,남,입원,"15_19세",1020.6,7.2,1568556.0
"2020-2024","0006",격리실 입원료_음압,여,입원,"1_4세",1431.0,4.7,1165126.0
"2020-2024","0006",격리실 입원료_음압,남,입원,"1_4세",1595.2,4.6,1156465.0
"2020-2024","0006",격리실 입원료_음압,여,입원,"20_24세",1217.0,6.8,1522104.0
"2020-2024","0006",격리실 입원료_음압,남,입원,"20_24세",1102.4,7.3,1635442.0
"2020-2024","0006",격리실 입원료_음압,여,입원,"25_29세",1540.4,6.5,1476501.0
"2020-2024","0006",격리실 입원료_음압,남,입원,"25_29세",1459.4,7.4,1684711.0
"2020-2024","0006",격리실 입원료_음압,여,입원,"30_34세",1948.6,6.3,1438497.0
"2020-2024","0006",격리실 입원료_음압,남,입원,"30_34세",1375.0,7.4,1673846.0
"2020-2024","0006",격리실 입원료_음압,여,입원,"35_39세",2113.2,6.5,1460720.0
"2020-2024","0006",격리실 입원료_음압,남,입원,"35_39세",1702.4,7.3,1654151.0
"2020-2024","0006",격리실 입원료_음압,여,입원,"40_44세",2095.2,6.8,1487731.0
"2020-2024","0006",격리실 입원료_음압,남,입원,"40_44세",1911.6,7.3,1659653.0
"2020-2024","0006",격리실 입원료_음압,여,입원,"45_49세",2183.6,7.2,1579523.0
"2020-2024","0006",격리실 입원료_음압,남,입원,"45_49세",2042.2,7.7,1771947.0
"2020-2024","0006",격리실 입원료_음압,여,입원,"50_54세",2662.4,7.3,1625408.0
"2020-2024","0006",격리실 입원료_음압,남,입원,"50_54세",2392.2,7.7,1803064.0
"2020-2024","0006",격리실 입원료_음압,여,입원,"55_59세",2895.8,7.2,1617593.0
"2020-2024","0006",격리실 입원료_음압,남,입원,"55_59세",2611.0,7.6,1821918.0
"2020-2024","0006",격리실 입원료_음압,여,입원,"5_9세",812.2,6.5,1442166.0
"2020-2024","0006",격리실 입원료_음압,남,입원,"5_9세",987.4,6.3,1416278.0
"2020-2024","0006",격리실 입원료_음압,여,입원,"60_64세",4132.2,7.2,1597479.0
"2020-2024","0006",격리실 입원료_음압,남,입원,"60_64세",3840.2,7.5,1812464.0
"2020-2024","0006",격리실 입원료_음압,여,입원,"65_69세",4173.4,7.3,1630483.0
"2020-2024","0006",격리실 입원료_음압,남,입원,"65_69세",4208.8,7.3,1771561.0
"2020-2024","0006",격리실 입원료_음압,여,입원,"70_74세",3844.4,7.1,1625103.0
"2020-2024","0006",격리실 입원료_음압,남,입원,"70_74세",4314.2,7.1,1755098.0
"2020-2024","0006",격리실 입원료_음압,여,입원,"75_79세",3918.8,6.7,1611391.0
"2020-2024","0006",격리실 입원료_음압,남,입원,"75_79세",4125.8,6.7,1723538.0
"2020-2024","0006",격리실 입원료_음압,여,입원,"80세 이상",11592.8,6.8,1619369.0
"2020-2024","0006",격리실 입원료_음압,남,입원,"80세 이상",7766.6,6.5,1693670.0
"2020-2024","0007",회전근개수술[견봉성형술 포함],여,수술,"10_14세",3.8,1.1,545576.0
"2020-2024","0007",회전근개수술[견봉성형술 포함],남,수술,"10_14세",22.4,1.1,521457.0
"2020-2024","0007",회전근개수술[견봉성형술 포함],여,수술,"15_19세",45.8,1.1,511090.0
"2020-2024","0007",회전근개수술[견봉성형술 포함],남,수술,"15_19세",518.0,1.1,529243.0
"2020-2024","0007",회전근개수술[견봉성형술 포함],여,수술,"20_24세",69.6,1.1,488787.0
"2020-2024","0007",회전근개수술[견봉성형술 포함],남,수술,"20_24세",912.2,1.1,523098.0
"2020-2024","0007",회전근개수술[견봉성형술 포함],여,수술,"25_29세",106.0,1.1,475090.0
"2020-2024","0007",회전근개수술[견봉성형술 포함],남,수술,"25_29세",793.4,1.1,507197.0
"2020-2024","0007",회전근개수술[견봉성형술 포함],여,수술,"30_34세",124.6,1.1,465493.0
"2020-2024","0007",회전근개수술[견봉성형술 포함],남,수술,"30_34세",791.6,1.1,491579.0
"2020-2024","0007",회전근개수술[견봉성형술 포함],여,수술,"35_39세",281.6,1.1,437049.0
"2020-2024","0007",회전근개수술[견봉성형술 포함],남,수술,"35_39세",1116.8,1.1,472176.0
"2020-2024","0007",회전근개수술[견봉성형술 포함],여,수술,"40_44세",942.4,1.1,436520.0
"2020-2024","0007",회전근개수술[견봉성형술 포함],남,수술,"40_44세",2092.6,1.1,476148.0
"2020-2024","0007",회전근개수술[견봉성형술 포함],여,수술,"45_49세",2498.8,1.1,447904.0
"2020-2024","0007",회전근개수술[견봉성형술 포함],남,수술,"45_49세",3483.0,1.1,488217.0
"2020-2024","0007",회전근개수술[견봉성형술 포함],여,수술,"50_54세",5115.4,1.1,465093.0
"2020-2024","0007",회전근개수술[견봉성형술 포함],남,수술,"50_54세",5365.0,1.1,507139.0
"2020-2024","0007",회전근개수술[견봉성형술 포함],여,수술,"55_59세",6289.6,1.1,495018.0
"2020-2024","0007",회전근개수술[견봉성형술 포함],남,수술,"55_59세",7249.8,1.1,528253.0
"2020-2024","0007",회전근개수술[견봉성형술 포함],여,수술,"60_64세",8552.6,1.1,526723.0
"2020-2024","0007",회전근개수술[견봉성형술 포함],남,수술,"60_64세",8922.6,1.1,548388.0
"2020-2024","0007",회전근개수술[견봉성형술 포함],여,수술,"65_69세",7772.4,1.1,544040.0
"2020-2024","0007",회전근개수술[견봉성형술 포함],남,수술,"65_69세",6680.4,1.1,562834.0
"2020-2024","0007",회전근개수술[견봉성형술 포함],여,수술,"70_74세",4731.0,1.1,552593.0
"2020-2024","0007",회전근개수술[견봉성형술 포함],남,수술,"70_74세",3513.0,1.1,563384.0
"2020-2024","0007",회전근개수술[견봉성형술 포함],여,수술,"75_79세",2236.6,1.1,553540.0
"2020-2024","0007",회전근개수술[견봉성형술 포함],남,수술,"75_79세",1439.6,1.1,566572.0
"2020-2024","0007",회전근개수술[견봉성형술 포함],여,수술,"80세 이상",846.4,1.1,541789.0
"2020-2024","0007",회전근개수술[견봉성형술 포함],남,수술,"80세 이상",371.8,1.1,553156.0
"2020-2024","0008",결장경하 종양수술,여,수술,"10_14세",14.4,2.1,299157.0
"2020-2024","0008",결장경하 종양수술,남,수술,"10_14세",28.0,1.8,277591.0
"2020-2024","0008",결장경하 종양수술,여,수술,"15_19세",168.0,1.5,264605.0
"2020-2024","0008",결장경하 종양수술,남,수술,"15_19세",384.8,1.4,257109.0
"2020-2024","0008",결장경하 종양수술,여,수술,"1_4세",14.6,1.3,404208.0
"2020-2024","0008",결장경하 종양수술,남,수술,"1_4세",21.6,1.2,402008.0
"2020-2024","0008",결장경하 종양수술,여,수술,"20_24세",1392.4,1.3,245045.0
"2020-2024","0008",결장경하 종양수술,남,수술,"20_24세",2099.8,1.4,248985.0
"2020-2024","0008",결장경하 종양수술,여,수술,"25_29세",6604.0,1.3,229259.0
"2020-2024","0008",결장경하 종양수술,남,수술,"25_29세",10227.4,1.4,231149.0
"2020-2024","0008",결장경하 종양수술,여,수술,"30_34세",15796.6,1.4,227281.0
"2020-2024","0008",결장경하 종양수술,남,수술,"30_34세",28213.4,1.5,229398.0
"2020-2024","0008",결장경하 종양수술,여,수술,"35_39세",27676.6,1.4,233034.0
"2020-2024","0008",결장경하 종양수술,남,수술,"35_39세",51494.4,1.6,235898.0
"2020-2024","0008",결장경하 종양수술,여,수술,"40_44세",54198.8,1.5,246368.0
"2020-2024","0008",결장경하 종양수술,남,수술,"40_44세",103837.8,1.8,254096.0
"2020-2024","0008",결장경하 종양수술,여,수술,"45_49세",56203.8,1.6,250748.0
"2020-2024","0008",결장경하 종양수술,남,수술,"45_49세",105185.4,1.9,260764.0
"2020-2024","0008",결장경하 종양수술,여,수술,"50_54세",97544.6,1.6,256405.0
"2020-2024","0008",결장경하 종양수술,남,수술,"50_54세",151508.4,2.0,272174.0
"2020-2024","0008",결장경하 종양수술,여,수술,"55_59세",106924.6,1.7,260103.0
"2020-2024","0008",결장경하 종양수술,남,수술,"55_59세",149152.8,2.2,278965.0
"2020-2024","0008",결장경하 종양수술,여,수술,"5_9세",5.6,1.1,244424.0
"2020-2024","0008",결장경하 종양수술,남,수술,"5_9세",15.0,1.7,300245.0
"2020-2024","0008",결장경하 종양수술,여,수술,"60_64세",130636.4,1.8,268086.0
"2020-2024","0008",결장경하 종양수술,남,수술,"60_64세",168534.4,2.3,292836.0
"2020-2024","0008",결장경하 종양수술,여,수술,"65_69세",103330.8,1.9,276260.0
"2020-2024","0008",결장경하 종양수술,남,수술,"65_69세",130692.6,2.4,301361.0
"2020-2024","0008",결장경하 종양수술,여,수술,"70_74세",67561.0,2.0,286477.0
"2020-2024","0008",결장경하 종양수술,남,수술,"70_74세",83504.2,2.5,309324.0
"2020-2024","0008",결장경하 종양수술,여,수술,"75_79세",35098.2,2.2,301528.0
"2020-2024","0008",결장경하 종양수술,남,수술,"75_79세",44293.0,2.6,320559.0
"2020-2024","0008",결장경하 종양수술,여,수술,"80세 이상",13813.8,2.4,315171.0
"2020-2024","0008",결장경하 종양수술,남,수술,"80세 이상",18671.2,2.7,330441.0
"2020-2024","0009",경피적 관상동맥 중재술(PCI),여,수술,"10_14세",1.5,1.3,1248551.0
"2020-2024","0009",경피적 관상동맥 중재술(PCI),남,수술,"10_14세",1.5,1.0,1506327.0
"2020-2024","0009",경피적 관상동맥 중재술(PCI),여,수술,"15_19세",2.0,0.9,1102990.0
"2020-2024","0009",경피적 관상동맥 중재술(PCI),남,수술,"15_19세",2.8,1.1,1738723.0
"2020-2024","0009",경피적 관상동맥 중재술(PCI),여,수술,"1_4세",1.0,0.5,750744.0
"2020-2024","0009",경피적 관상동맥 중재술(PCI),남,수술,"1_4세",1.0,2.4,5213085.0
"2020-2024","0009",경피적 관상동맥 중재술(PCI),여,수술,"20_24세",1.3,1.1,1639915.0
"2020-2024","0009",경피적 관상동맥 중재술(PCI),남,수술,"20_24세",7.6,1.5,2826281.0
"2020-2024","0009",경피적 관상동맥 중재술(PCI),여,수술,"25_29세",6.8,1.4,2358939.0
"2020-2024","0009",경피적 관상동맥 중재술(PCI),남,수술,"25_29세",44.6,1.4,2703686.0
"2020-2024","0009",경피적 관상동맥 중재술(PCI),여,수술,"30_34세",10.4,1.5,2050769.0
"2020-2024","0009",경피적 관상동맥 중재술(PCI),남,수술,"30_34세",165.0,1.5,2704868.0
"2020-2024","0009",경피적 관상동맥 중재술(PCI),여,수술,"35_39세",37.6,1.4,2256974.0
"2020-2024","0009",경피적 관상동맥 중재술(PCI),남,수술,"35_39세",537.6,1.4,2616980.0
"2020-2024","0009",경피적 관상동맥 중재술(PCI),여,수술,"40_44세",103.0,1.4,2226110.0
"2020-2024","0009",경피적 관상동맥 중재술(PCI),남,수술,"40_44세",1334.0,1.5,2670740.0
"2020-2024","0009",경피적 관상동맥 중재술(PCI),여,수술,"45_49세",248.8,1.4,2152432.0
"2020-2024","0009",경피적 관상동맥 중재술(PCI),남,수술,"45_49세",2591.4,1.5,2581546.0
"2020-2024","0009",경피적 관상동맥 중재술(PCI),여,수술,"50_54세",508.6,1.4,2051758.0
"2020-2024","0009",경피적 관상동맥 중재술(PCI),남,수술,"50_54세",4771.2,1.5,2469194.0
"2020-2024","0009",경피적 관상동맥 중재술(PCI),여,수술,"55_59세",923.8,1.4,2032302.0
"2020-2024","0009",경피적 관상동맥 중재술(PCI),남,수술,"55_59세",6689.2,1.5,2366949.0
"2020-2024","0009",경피적 관상동맥 중재술(PCI),여,수술,"5_9세",1.0,1.0,1877200.0
"2020-2024","0009",경피적 관상동맥 중재술(PCI),남,수술,"5_9세",1.0,1.5,1819596.0
"2020-2024","0009",경피적 관상동맥 중재술(PCI),여,수술,"60_64세",1749.6,1.4,2028951.0
"2020-2024","0009",경피적 관상동맥 중재술(PCI),남,수술,"60_64세",8986.8,1.5,2273716.0
"2020-2024","0009",경피적 관상동맥 중재술(PCI),여,수술,"65_69세",2393.8,1.4,2023299.0
"2020-2024","0009",경피적 관상동맥 중재술(PCI),남,수술,"65_69세",8569.8,1.5,2199846.0
"2020-2024","0009",경피적 관상동맥 중재술(PCI),여,수술,"70_74세",2770.6,1.4,2016631.0
"2020-2024","0009",경피적 관상동맥 중재술(PCI),남,수술,"70_74세",6992.8,1.4,2126002.0
"2020-2024","0009",경피적 관상동맥 중재술(PCI),여,수술,"75_79세",3112.2,1.5,2036296.0
"2020-2024","0009",경피적 관상동맥 중재술(PCI),남,수술,"75_79세",5414.2,1.4,2115807.0
"2020-2024","0009",경피적 관상동맥 중재술(PCI),여,수술,"80세 이상",4656.0,1.5,2142812.0
"2020-2024","0009",경피적 관상동맥 중재술(PCI),남,수술,"80세 이상",5086.0,1.5,2201304.0
"2020-2024","0010",경피적 대동맥판 삽입,여,수술,"50_54세",1.0,1.0,790110.0
"2020-2024","0010",경피적 대동맥판 삽입,남,수술,"50_54세",1.0,1.0,582350.0
"2020-2024","0010",경피적 대동맥판 삽입,여,수술,"55_59세",1.8,1.0,546784.0
"2020-2024","0010",경피적 대동맥판 삽입,남,수술,"55_59세",1.8,1.1,606205.0
"2020-2024","0010",경피적 대동맥판 삽입,여,수술,"60_64세",2.4,1.0,725461.0
"2020-2024","0010",경피적 대동맥판 삽입,남,수술,"60_64세",6.6,1.0,586443.0
"2020-2024","0010",경피적 대동맥판 삽입,여,수술,"65_69세",9.8,1.0,598011.0
"2020-2024","0010",경피적 대동맥판 삽입,남,수술,"65_69세",14.0,1.1,571017.0
"2020-2024","0010",경피적 대동맥판 삽입,여,수술,"70_74세",46.2,1.0,571246.0
"2020-2024","0010",경피적 대동맥판 삽입,남,수술,"70_74세",48.2,1.0,567523.0
"2020-2024","0010",경피적 대동맥판 삽입,여,수술,"75_79세",139.0,1.0,574744.0
"2020-2024","0010",경피적 대동맥판 삽입,남,수술,"75_79세",123.2,1.0,571090.0
"2020-2024","0010",경피적 대동맥판 삽입,여,수술,"80세 이상",618.6,1.1,573218.0
"2020-2024","0010",경피적 대동맥판 삽입,남,수술,"80세 이상",416.6,1.0,570847.0
"2020-2024","0012",관상동맥 우회술(CABG),여,수술,"10_14세",2.5,1.5,6178047.0
"2020-2024","0012",관상동맥 우회술(CABG),남,수술,"10_14세",3.6,1.2,5914329.0
"2020-2024","0012",관상동맥 우회술(CABG),여,수술,"15_19세",2.3,1.3,5891266.0
"2020-2024","0012",관상동맥 우회술(CABG),남,수술,"15_19세",8.6,1.1,6786482.0
"2020-2024","0012",관상동맥 우회술(CABG),여,수술,"1_4세",2.6,1.1,9479890.0
"2020-2024","0012",관상동맥 우회술(CABG),남,수술,"1_4세",4.3,1.5,12245479
"2020-2024","0012",관상동맥 우회술(CABG),여,수술,"20_24세",2.0,1.5,5316352.0
"2020-2024","0012",관상동맥 우회술(CABG),남,수술,"20_24세",7.4,1.1,7059909.0
"2020-2024","0012",관상동맥 우회술(CABG),여,수술,"25_29세",4.0,1.3,7750085.0
"2020-2024","0012",관상동맥 우회술(CABG),남,수술,"25_29세",17.2,1.2,6702574.0
"2020-2024","0012",관상동맥 우회술(CABG),여,수술,"30_34세",4.0,1.1,7135860.0
"2020-2024","0012",관상동맥 우회술(CABG),남,수술,"30_34세",19.2,1.2,7283723.0
"2020-2024","0012",관상동맥 우회술(CABG),여,수술,"35_39세",8.6,1.2,7592647.0
"2020-2024","0012",관상동맥 우회술(CABG),남,수술,"35_39세",36.6,1.2,8138472.0
"2020-2024","0012",관상동맥 우회술(CABG),여,수술,"40_44세",11.2,1.2,7704089.0
"2020-2024","0012",관상동맥 우회술(CABG),남,수술,"40_44세",78.6,1.2,8525186.0
"2020-2024","0012",관상동맥 우회술(CABG),여,수술,"45_49세",17.8,1.2,7491487.0
"2020-2024","0012",관상동맥 우회술(CABG),남,수술,"45_49세",132.0,1.2,9280512.0
"2020-2024","0012",관상동맥 우회술(CABG),여,수술,"50_54세",32.6,1.2,8549431.0
"2020-2024","0012",관상동맥 우회술(CABG),남,수술,"50_54세",252.6,1.2,9245115.0
"2020-2024","0012",관상동맥 우회술(CABG),여,수술,"55_59세",56.8,1.2,8731538.0
"2020-2024","0012",관상동맥 우회술(CABG),남,수술,"55_59세",402.8,1.2,9388818.0
"2020-2024","0012",관상동맥 우회술(CABG),여,수술,"5_9세",2.0,1.3,6352652.0
"2020-2024","0012",관상동맥 우회술(CABG),남,수술,"5_9세",2.6,1.1,7017433.0
"2020-2024","0012",관상동맥 우회술(CABG),여,수술,"60_64세",105.4,1.2,8722672.0
"2020-2024","0012",관상동맥 우회술(CABG),남,수술,"60_64세",594.8,1.2,9251185.0
"2020-2024","0012",관상동맥 우회술(CABG),여,수술,"65_69세",165.2,1.2,8803112.0
"2020-2024","0012",관상동맥 우회술(CABG),남,수술,"65_69세",644.0,1.2,9304315.0
"2020-2024","0012",관상동맥 우회술(CABG),여,수술,"70_74세",182.8,1.2,8541456.0
"2020-2024","0012",관상동맥 우회술(CABG),남,수술,"70_74세",522.6,1.1,9132334.0
"2020-2024","0012",관상동맥 우회술(CABG),여,수술,"75_79세",181.2,1.2,8557678.0
"2020-2024","0012",관상동맥 우회술(CABG),남,수술,"75_79세",363.0,1.2,9054375.0
"2020-2024","0012",관상동맥 우회술(CABG),여,수술,"80세 이상",118.0,1.2,8620198.0
"2020-2024","0012",관상동맥 우회술(CABG),남,수술,"80세 이상",194.8,1.2,9127784.0
"2020-2024","0013",관절경 검사,여,통원,"10_14세",61.6,1.1,175810.0
"2020-2024","0013",관절경 검사,남,통원,"10_14세",88.6,1.1,178070.0
"2020-2024","0013",관절경 검사,여,통원,"15_19세",244.0,1.1,173181.0
"2020-2024","0013",관절경 검사,남,통원,"15_19세",529.2,1.1,174421.0
"2020-2024","0013",관절경 검사,여,통원,"1_4세",2.8,1.1,258278.0
"2020-2024","0013",관절경 검사,남,통원,"1_4세",2.5,1.0,239806.0
"2020-2024","0013",관절경 검사,여,통원,"20_24세",325.6,1.1,174849.0
"2020-2024","0013",관절경 검사,남,통원,"20_24세",990.4,1.1,172947.0
"2020-2024","0013",관절경 검사,여,통원,"25_29세",337.6,1.1,173071.0
"2020-2024","0013",관절경 검사,남,통원,"25_29세",801.4,1.1,172277.0
"2020-2024","0013",관절경 검사,여,통원,"30_34세",257.6,1.1,175631.0
"2020-2024","0013",관절경 검사,남,통원,"30_34세",679.4,1.1,173400.0
"2020-2024","0013",관절경 검사,여,통원,"35_39세",268.8,1.1,175057.0
"2020-2024","0013",관절경 검사,남,통원,"35_39세",600.8,1.1,172701.0
"2020-2024","0013",관절경 검사,여,통원,"40_44세",387.0,1.1,177793.0
"2020-2024","0013",관절경 검사,남,통원,"40_44세",622.2,1.1,176116.0
"2020-2024","0013",관절경 검사,여,통원,"45_49세",625.2,1.1,179919.0
"2020-2024","0013",관절경 검사,남,통원,"45_49세",637.6,1.1,177145.0
"2020-2024","0013",관절경 검사,여,통원,"50_54세",1187.8,1.1,183693.0
"2020-2024","0013",관절경 검사,남,통원,"50_54세",740.4,1.1,179105.0
"2020-2024","0013",관절경 검사,여,통원,"55_59세",1720.2,1.2,186196.0
"2020-2024","0013",관절경 검사,남,통원,"55_59세",859.4,1.1,181288.0
"2020-2024","0013",관절경 검사,여,통원,"5_9세",7.6,1.0,179341.0
"2020-2024","0013",관절경 검사,남,통원,"5_9세",13.2,1.1,183254.0
"2020-2024","0013",관절경 검사,여,통원,"60_64세",1951.6,1.2,186350.0
"2020-2024","0013",관절경 검사,남,통원,"60_64세",875.8,1.1,181467.0
"2020-2024","0013",관절경 검사,여,통원,"65_69세",1068.2,1.1,185634.0
"2020-2024","0013",관절경 검사,남,통원,"65_69세",503.8,1.1,182859.0
"2020-2024","0013",관절경 검사,여,통원,"70_74세",400.8,1.1,182094.0
"2020-2024","0013",관절경 검사,남,통원,"70_74세",207.4,1.1,181201.0
"2020-2024","0013",관절경 검사,여,통원,"75_79세",173.8,1.2,178216.0
"2020-2024","0013",관절경 검사,남,통원,"75_79세",81.0,1.1,176987.0
"2020-2024","0013",관절경 검사,여,통원,"80세 이상",106.4,1.2,180851.0
"2020-2024","0013",관절경 검사,남,통원,"80세 이상",51.8,1.1,168295.0
"2020-2024","0015",기관지경 검사,여,통원,"10_14세",31.8,1.8,207908.0
"2020-2024","0015",기관지경 검사,남,통원,"10_14세",44.8,2.1,237084.0
"2020-2024","0015",기관지경 검사,여,통원,"15_19세",95.0,1.9,222524.0
"2020-2024","0015",기관지경 검사,남,통원,"15_19세",138.6,1.8,213273.0
"2020-2024","0015",기관지경 검사,여,통원,"1_4세",57.4,1.7,293228.0
"2020-2024","0015",기관지경 검사,남,통원,"1_4세",81.0,1.5,273919.0
"2020-2024","0015",기관지경 검사,여,통원,"20_24세",202.2,1.7,192311.0
"2020-2024","0015",기관지경 검사,남,통원,"20_24세",249.4,1.8,196449.0
"2020-2024","0015",기관지경 검사,여,통원,"25_29세",271.0,1.7,188031.0
"2020-2024","0015",기관지경 검사,남,통원,"25_29세",363.6,1.7,190959.0
"2020-2024","0015",기관지경 검사,여,통원,"30_34세",343.4,1.6,177713.0
"2020-2024","0015",기관지경 검사,남,통원,"30_34세",444.0,1.7,192727.0
"2020-2024","0015",기관지경 검사,여,통원,"35_39세",464.8,1.7,192195.0
"2020-2024","0015",기관지경 검사,남,통원,"35_39세",572.2,1.7,190018.0
"2020-2024","0015",기관지경 검사,여,통원,"40_44세",705.6,1.7,188227.0
"2020-2024","0015",기관지경 검사,남,통원,"40_44세",838.0,1.7,191340.0
"2020-2024","0015",기관지경 검사,여,통원,"45_49세",1036.8,1.7,188226.0
"2020-2024","0015",기관지경 검사,남,통원,"45_49세",1230.4,1.8,196981.0
"2020-2024","0015",기관지경 검사,여,통원,"50_54세",1746.4,1.6,181126.0
"2020-2024","0015",기관지경 검사,남,통원,"50_54세",2076.6,1.8,198819.0
"2020-2024","0015",기관지경 검사,여,통원,"55_59세",2453.2,1.6,182228.0
"2020-2024","0015",기관지경 검사,남,통원,"55_59세",3366.6,1.8,199063.0
"2020-2024","0015",기관지경 검사,여,통원,"5_9세",23.8,1.8,219634.0
"2020-2024","0015",기관지경 검사,남,통원,"5_9세",29.8,1.8,228958.0
"2020-2024","0015",기관지경 검사,여,통원,"60_64세",3519.2,1.6,185287.0
"2020-2024","0015",기관지경 검사,남,통원,"60_64세",5569.4,1.9,202840.0
"2020-2024","0015",기관지경 검사,여,통원,"65_69세",3444.0,1.6,185337.0
"2020-2024","0015",기관지경 검사,남,통원,"65_69세",6697.2,1.9,202815.0
"2020-2024","0015",기관지경 검사,여,통원,"70_74세",3168.8,1.6,183964.0
"2020-2024","0015",기관지경 검사,남,통원,"70_74세",6955.8,1.8,199051.0
"2020-2024","0015",기관지경 검사,여,통원,"75_79세",3144.4,1.7,185129.0
"2020-2024","0015",기관지경 검사,남,통원,"75_79세",6451.4,1.9,204864.0
"2020-2024","0015",기관지경 검사,여,통원,"80세 이상",4575.2,1.7,186056.0
"2020-2024","0015",기관지경 검사,남,통원,"80세 이상",7420.6,1.9,209580.0
"2020-2024","0016",기본 초음파,여,통원,"10_14세",2373.8,1.2,26539.0
"2020-2024","0016",기본 초음파,남,통원,"10_14세",2141.8,1.2,30069.0
"2020-2024","0016",기본 초음파,여,통원,"15_19세",6521.0,1.3,28321.0
"2020-2024","0016",기본 초음파,남,통원,"15_19세",2862.0,1.2,30656.0
"2020-2024","0016",기본 초음파,여,통원,"1_4세",3270.0,1.3,44795.0
"2020-2024","0016",기본 초음파,남,통원,"1_4세",4172.4,1.3,44085.0
"2020-2024","0016",기본 초음파,여,통원,"20_24세",25339.0,1.5,31701.0
"2020-2024","0016",기본 초음파,남,통원,"20_24세",4704.4,1.2,27501.0
"2020-2024","0016",기본 초음파,여,통원,"25_29세",77334.6,2.1,47121.0
"2020-2024","0016",기본 초음파,남,통원,"25_29세",6919.4,1.2,27508.0
"2020-2024","0016",기본 초음파,여,통원,"30_34세",180531.0,2.8,65528.0
"2020-2024","0016",기본 초음파,남,통원,"30_34세",7807.6,1.3,28758.0
"2020-2024","0016",기본 초음파,여,통원,"35_39세",143321.8,3.0,70137.0
"2020-2024","0016",기본 초음파,남,통원,"35_39세",8730.4,1.3,29729.0
"2020-2024","0016",기본 초음파,여,통원,"40_44세",88816.6,3.1,70985.0
"2020-2024","0016",기본 초음파,남,통원,"40_44세",11636.0,1.4,30589.0
"2020-2024","0016",기본 초음파,여,통원,"45_49세",60807.6,1.9,42149.0
"2020-2024","0016",기본 초음파,남,통원,"45_49세",14187.4,1.4,31378.0
"2020-2024","0016",기본 초음파,여,통원,"50_54세",46621.8,1.4,30036.0
"2020-2024","0016",기본 초음파,남,통원,"50_54세",19782.6,1.4,32643.0
"2020-2024","0016",기본 초음파,여,통원,"55_59세",32284.0,1.4,29738.0
"2020-2024","0016",기본 초음파,남,통원,"55_59세",25475.6,1.5,32599.0
"2020-2024","0016",기본 초음파,여,통원,"5_9세",3427.8,1.1,22106.0
"2020-2024","0016",기본 초음파,남,통원,"5_9세",2469.2,1.1,29033.0
"2020-2024","0016",기본 초음파,여,통원,"60_64세",33005.6,1.4,30616.0
"2020-2024","0016",기본 초음파,남,통원,"60_64세",35396.0,1.5,32285.0
"2020-2024","0016",기본 초음파,여,통원,"65_69세",28532.6,1.4,31578.0
"2020-2024","0016",기본 초음파,남,통원,"65_69세",36397.4,1.5,32052.0
"2020-2024","0016",기본 초음파,여,통원,"70_74세",23167.0,1.5,32713.0
"2020-2024","0016",기본 초음파,남,통원,"70_74세",32265.4,1.5,32279.0
"2020-2024","0016",기본 초음파,여,통원,"75_79세",21262.2,1.5,34127.0
"2020-2024","0016",기본 초음파,남,통원,"75_79세",27919.6,1.5,33252.0
"2020-2024","0016",기본 초음파,여,통원,"80세 이상",35450.6,1.5,36524.0
"2020-2024","0016",기본 초음파,남,통원,"80세 이상",33626.2,1.5,34792.0
"2020-2024","0019",내시경적 상부소화관 종양수술,여,수술,"10_14세",2.4,1.1,240639.0
"2020-2024","0019",내시경적 상부소화관 종양수술,남,수술,"10_14세",3.8,1.2,335427.0
"2020-2024","0019",내시경적 상부소화관 종양수술,여,수술,"15_19세",24.4,1.1,266845.0
"2020-2024","0019",내시경적 상부소화관 종양수술,남,수술,"15_19세",18.8,1.1,262095.0
"2020-2024","0019",내시경적 상부소화관 종양수술,여,수술,"1_4세",1.0,2.5,878312.0
"2020-2024","0019",내시경적 상부소화관 종양수술,여,수술,"20_24세",216.6,1.1,235800.0
"2020-2024","0019",내시경적 상부소화관 종양수술,남,수술,"20_24세",102.0,1.1,238860.0
"2020-2024","0019",내시경적 상부소화관 종양수술,여,수술,"25_29세",835.8,1.1,207646.0
"2020-2024","0019",내시경적 상부소화관 종양수술,남,수술,"25_29세",412.8,1.1,212194.0
"2020-2024","0019",내시경적 상부소화관 종양수술,여,수술,"30_34세",1468.0,1.1,202657.0
"2020-2024","0019",내시경적 상부소화관 종양수술,남,수술,"30_34세",924.2,1.1,212883.0
"2020-2024","0019",내시경적 상부소화관 종양수술,여,수술,"35_39세",2026.6,1.1,213412.0
"2020-2024","0019",내시경적 상부소화관 종양수술,남,수술,"35_39세",1280.6,1.1,219441.0
"2020-2024","0019",내시경적 상부소화관 종양수술,여,수술,"40_44세",3797.4,1.1,196872.0
"2020-2024","0019",내시경적 상부소화관 종양수술,남,수술,"40_44세",2539.0,1.1,230672.0
"2020-2024","0019",내시경적 상부소화관 종양수술,여,수술,"45_49세",3074.2,1.1,219289.0
"2020-2024","0019",내시경적 상부소화관 종양수술,남,수술,"45_49세",2348.0,1.1,305458.0
"2020-2024","0019",내시경적 상부소화관 종양수술,여,수술,"50_54세",3822.2,1.1,250718.0
"2020-2024","0019",내시경적 상부소화관 종양수술,남,수술,"50_54세",3350.8,1.1,393968.0
"2020-2024","0019",내시경적 상부소화관 종양수술,여,수술,"55_59세",3873.2,1.1,299602.0
"2020-2024","0019",내시경적 상부소화관 종양수술,남,수술,"55_59세",4216.8,1.2,486609.0
"2020-2024","0019",내시경적 상부소화관 종양수술,여,수술,"5_9세",1.7,1.4,369386.0
"2020-2024","0019",내시경적 상부소화관 종양수술,남,수술,"5_9세",1.0,1.0,224985.0
"2020-2024","0019",내시경적 상부소화관 종양수술,여,수술,"60_64세",4826.0,1.1,360809.0
"2020-2024","0019",내시경적 상부소화관 종양수술,남,수술,"60_64세",6439.6,1.2,538785.0
"2020-2024","0019",내시경적 상부소화관 종양수술,여,수술,"65_69세",4066.8,1.2,412425.0
"2020-2024","0019",내시경적 상부소화관 종양수술,남,수술,"65_69세",5858.8,1.2,579800.0
"2020-2024","0019",내시경적 상부소화관 종양수술,여,수술,"70_74세",3365.0,1.2,472765.0
"2020-2024","0019",내시경적 상부소화관 종양수술,남,수술,"70_74세",5137.0,1.3,608039.0
"2020-2024","0019",내시경적 상부소화관 종양수술,여,수술,"75_79세",2344.0,1.2,520045.0
"2020-2024","0019",내시경적 상부소화관 종양수술,남,수술,"75_79세",3479.8,1.3,628314.0
"2020-2024","0019",내시경적 상부소화관 종양수술,여,수술,"80세 이상",1534.2,1.3,543661.0
"2020-2024","0019",내시경적 상부소화관 종양수술,남,수술,"80세 이상",2092.6,1.3,640877.0
"2020-2024","0020",내시경적 역행성 담(췌)관 조영술,여,통원,"10_14세",1.5,1.3,562253.0
"2020-2024","0020",내시경적 역행성 담(췌)관 조영술,남,통원,"10_14세",1.5,1.3,456842.0
"2020-2024","0020",내시경적 역행성 담(췌)관 조영술,여,통원,"15_19세",5.8,1.2,330899.0
"2020-2024","0020",내시경적 역행성 담(췌)관 조영술,남,통원,"15_19세",5.0,1.2,271287.0
"2020-2024","0020",내시경적 역행성 담(췌)관 조영술,여,통원,"1_4세",1.0,1.0,610714.0
"2020-2024","0020",내시경적 역행성 담(췌)관 조영술,남,통원,"1_4세",1.0,1.0,583895.0
"2020-2024","0020",내시경적 역행성 담(췌)관 조영술,여,통원,"20_24세",13.2,1.3,279235.0
"2020-2024","0020",내시경적 역행성 담(췌)관 조영술,남,통원,"20_24세",13.6,1.5,301476.0
"2020-2024","0020",내시경적 역행성 담(췌)관 조영술,여,통원,"25_29세",24.6,1.4,275856.0
"2020-2024","0020",내시경적 역행성 담(췌)관 조영술,남,통원,"25_29세",30.2,1.4,299526.0
"2020-2024","0020",내시경적 역행성 담(췌)관 조영술,여,통원,"30_34세",41.2,1.3,329406.0
"2020-2024","0020",내시경적 역행성 담(췌)관 조영술,남,통원,"30_34세",55.8,1.5,303199.0
"2020-2024","0020",내시경적 역행성 담(췌)관 조영술,여,통원,"35_39세",60.6,1.4,293501.0
"2020-2024","0020",내시경적 역행성 담(췌)관 조영술,남,통원,"35_39세",77.6,1.5,295232.0
"2020-2024","0020",내시경적 역행성 담(췌)관 조영술,여,통원,"40_44세",83.0,1.5,353000.0
"2020-2024","0020",내시경적 역행성 담(췌)관 조영술,남,통원,"40_44세",133.4,1.5,299035.0
"2020-2024","0020",내시경적 역행성 담(췌)관 조영술,여,통원,"45_49세",109.2,1.4,286306.0
"2020-2024","0020",내시경적 역행성 담(췌)관 조영술,남,통원,"45_49세",195.8,1.5,275971.0
"2020-2024","0020",내시경적 역행성 담(췌)관 조영술,여,통원,"50_54세",197.0,1.4,273681.0
"2020-2024","0020",내시경적 역행성 담(췌)관 조영술,남,통원,"50_54세",336.6,1.5,254050.0
"2020-2024","0020",내시경적 역행성 담(췌)관 조영술,여,통원,"55_59세",284.4,1.4,252526.0
"2020-2024","0020",내시경적 역행성 담(췌)관 조영술,남,통원,"55_59세",510.8,1.5,243883.0
"2020-2024","0020",내시경적 역행성 담(췌)관 조영술,여,통원,"5_9세",1.0,1.0,452394.0
"2020-2024","0020",내시경적 역행성 담(췌)관 조영술,남,통원,"5_9세",1.0,1.0,466991.0
"2020-2024","0020",내시경적 역행성 담(췌)관 조영술,여,통원,"60_64세",449.0,1.5,248906.0
"2020-2024","0020",내시경적 역행성 담(췌)관 조영술,남,통원,"60_64세",788.2,1.5,231877.0
"2020-2024","0020",내시경적 역행성 담(췌)관 조영술,여,통원,"65_69세",547.8,1.5,236061.0
"2020-2024","0020",내시경적 역행성 담(췌)관 조영술,남,통원,"65_69세",952.6,1.5,228890.0
"2020-2024","0020",내시경적 역행성 담(췌)관 조영술,여,통원,"70_74세",637.6,1.5,230180.0
"2020-2024","0020",내시경적 역행성 담(췌)관 조영술,남,통원,"70_74세",955.2,1.4,210853.0
"2020-2024","0020",내시경적 역행성 담(췌)관 조영술,여,통원,"75_79세",693.4,1.5,211064.0
"2020-2024","0020",내시경적 역행성 담(췌)관 조영술,남,통원,"75_79세",916.0,1.5,206818.0
"2020-2024","0020",내시경적 역행성 담(췌)관 조영술,여,통원,"80세 이상",1355.6,1.5,206479.0
"2020-2024","0020",내시경적 역행성 담(췌)관 조영술,남,통원,"80세 이상",1165.2,1.5,196477.0
"2020-2024","0022",뇌종양 수술,여,수술,"10_14세",30.6,1.1,4509816.0
"2020-2024","0022",뇌종양 수술,남,수술,"10_14세",46.2,1.1,4569542.0
"2020-2024","0022",뇌종양 수술,여,수술,"15_19세",43.2,1.1,4111660.0
"2020-2024","0022",뇌종양 수술,남,수술,"15_19세",47.0,1.1,4284654.0
"2020-2024","0022",뇌종양 수술,여,수술,"1_4세",23.4,1.1,8390612.0
"2020-2024","0022",뇌종양 수술,남,수술,"1_4세",30.2,1.1,8604222.0
"2020-2024","0022",뇌종양 수술,여,수술,"20_24세",72.0,1.1,3895552.0
"2020-2024","0022",뇌종양 수술,남,수술,"20_24세",68.6,1.1,4223389.0
"2020-2024","0022",뇌종양 수술,여,수술,"25_29세",115.0,1.1,3875373.0
"2020-2024","0022",뇌종양 수술,남,수술,"25_29세",97.8,1.1,4104583.0
"2020-2024","0022",뇌종양 수술,여,수술,"30_34세",144.8,1.1,4025578.0
"2020-2024","0022",뇌종양 수술,남,수술,"30_34세",120.2,1.1,4064636.0
"2020-2024","0022",뇌종양 수술,여,수술,"35_39세",181.6,1.1,4022435.0
"2020-2024","0022",뇌종양 수술,남,수술,"35_39세",168.0,1.1,4210096.0
"2020-2024","0022",뇌종양 수술,여,수술,"40_44세",278.0,1.1,4159994.0
"2020-2024","0022",뇌종양 수술,남,수술,"40_44세",203.8,1.1,4084459.0
"2020-2024","0022",뇌종양 수술,여,수술,"45_49세",377.0,1.1,4163585.0
"2020-2024","0022",뇌종양 수술,남,수술,"45_49세",260.8,1.1,4053664.0
"2020-2024","0022",뇌종양 수술,여,수술,"50_54세",434.4,1.1,4174516.0
"2020-2024","0022",뇌종양 수술,남,수술,"50_54세",336.8,1.1,4161116.0
"2020-2024","0022",뇌종양 수술,여,수술,"55_59세",517.8,1.1,4223921.0
"2020-2024","0022",뇌종양 수술,남,수술,"55_59세",396.8,1.1,4180246.0
"2020-2024","0022",뇌종양 수술,여,수술,"5_9세",23.8,1.1,4894816.0
"2020-2024","0022",뇌종양 수술,남,수술,"5_9세",33.2,1.2,5303440.0
"2020-2024","0022",뇌종양 수술,여,수술,"60_64세",582.4,1.1,4169500.0
"2020-2024","0022",뇌종양 수술,남,수술,"60_64세",516.4,1.2,4161890.0
"2020-2024","0022",뇌종양 수술,여,수술,"65_69세",464.6,1.1,4241680.0
"2020-2024","0022",뇌종양 수술,남,수술,"65_69세",435.2,1.1,4164513.0
"2020-2024","0022",뇌종양 수술,여,수술,"70_74세",333.4,1.1,4143385.0
"2020-2024","0022",뇌종양 수술,남,수술,"70_74세",330.6,1.1,4145677.0
"2020-2024","0022",뇌종양 수술,여,수술,"75_79세",216.4,1.2,4201345.0
"2020-2024","0022",뇌종양 수술,남,수술,"75_79세",231.8,1.2,4147104.0
"2020-2024","0022",뇌종양 수술,여,수술,"80세 이상",139.0,1.2,4233270.0
"2020-2024","0022",뇌종양 수술,남,수술,"80세 이상",117.8,1.2,4126419.0
"2020-2024","0023",다학제 통합진료,여,통원,"10_14세",29.6,1.1,182584.0
"2020-2024","0023",다학제 통합진료,남,통원,"10_14세",32.4,1.1,174690.0
"2020-2024","0023",다학제 통합진료,여,통원,"15_19세",39.2,1.2,205732.0
"2020-2024","0023",다학제 통합진료,남,통원,"15_19세",65.2,1.2,186083.0
"2020-2024","0023",다학제 통합진료,여,통원,"1_4세",26.6,1.2,189899.0
"2020-2024","0023",다학제 통합진료,남,통원,"1_4세",29.4,1.2,185316.0
"2020-2024","0023",다학제 통합진료,여,통원,"20_24세",78.4,1.2,195647.0
"2020-2024","0023",다학제 통합진료,남,통원,"20_24세",89.2,1.2,204800.0
"2020-2024","0023",다학제 통합진료,여,통원,"25_29세",152.8,1.2,196542.0
"2020-2024","0023",다학제 통합진료,남,통원,"25_29세",102.4,1.2,219460.0
"2020-2024","0023",다학제 통합진료,여,통원,"30_34세",282.2,1.2,200780.0
"2020-2024","0023",다학제 통합진료,남,통원,"30_34세",121.2,1.2,223230.0
"2020-2024","0023",다학제 통합진료,여,통원,"35_39세",429.6,1.2,205703.0
"2020-2024","0023",다학제 통합진료,남,통원,"35_39세",180.4,1.2,219388.0
"2020-2024","0023",다학제 통합진료,여,통원,"40_44세",810.8,1.1,206265.0
"2020-2024","0023",다학제 통합진료,남,통원,"40_44세",312.4,1.2,217313.0
"2020-2024","0023",다학제 통합진료,여,통원,"45_49세",1152.6,1.1,208317.0
"2020-2024","0023",다학제 통합진료,남,통원,"45_49세",481.8,1.2,221349.0
"2020-2024","0023",다학제 통합진료,여,통원,"50_54세",1389.4,1.1,206658.0
"2020-2024","0023",다학제 통합진료,남,통원,"50_54세",929.6,1.2,215724.0
"2020-2024","0023",다학제 통합진료,여,통원,"55_59세",1393.0,1.1,207752.0
"2020-2024","0023",다학제 통합진료,남,통원,"55_59세",1420.0,1.1,215697.0
"2020-2024","0023",다학제 통합진료,여,통원,"5_9세",28.4,1.1,169234.0
"2020-2024","0023",다학제 통합진료,남,통원,"5_9세",35.4,1.1,164456.0
"2020-2024","0023",다학제 통합진료,여,통원,"60_64세",1595.0,1.1,208219.0
"2020-2024","0023",다학제 통합진료,남,통원,"60_64세",2208.6,1.1,217874.0
"2020-2024","0023",다학제 통합진료,여,통원,"65_69세",1323.4,1.1,208858.0
"2020-2024","0023",다학제 통합진료,남,통원,"65_69세",2394.0,1.1,215256.0
"2020-2024","0023",다학제 통합진료,여,통원,"70_74세",1093.4,1.1,210043.0
"2020-2024","0023",다학제 통합진료,남,통원,"70_74세",2137.6,1.1,212577.0
"2020-2024","0023",다학제 통합진료,여,통원,"75_79세",899.2,1.1,208596.0
"2020-2024","0023",다학제 통합진료,남,통원,"75_79세",1691.6,1.1,210206.0
"2020-2024","0023",다학제 통합진료,여,통원,"80세 이상",984.6,1.1,203911.0
"2020-2024","0023",다학제 통합진료,남,통원,"80세 이상",1502.8,1.1,206656.0
"2020-2024","0024",대장 내시경,여,통원,"10_14세",1738.8,1.4,58686.0
"2020-2024","0024",대장 내시경,남,통원,"10_14세",2980.0,1.5,63002.0
"2020-2024","0024",대장 내시경,여,통원,"15_19세",8562.8,1.3,52830.0
"2020-2024","0024",대장 내시경,남,통원,"15_19세",12035.8,1.4,61887.0
"2020-2024","0024",대장 내시경,여,통원,"1_4세",442.8,1.2,55663.0
"2020-2024","0024",대장 내시경,남,통원,"1_4세",526.6,1.2,57189.0
"2020-2024","0024",대장 내시경,여,통원,"20_24세",27126.2,1.2,55068.0
"2020-2024","0024",대장 내시경,남,통원,"20_24세",28769.8,1.3,61893.0
"2020-2024","0024",대장 내시경,여,통원,"25_29세",47327.2,1.2,62184.0
"2020-2024","0024",대장 내시경,남,통원,"25_29세",50106.6,1.3,65221.0
"2020-2024","0024",대장 내시경,여,통원,"30_34세",56020.8,1.2,69186.0
"2020-2024","0024",대장 내시경,남,통원,"30_34세",64849.8,1.3,70160.0
"2020-2024","0024",대장 내시경,여,통원,"35_39세",64848.2,1.2,75677.0
"2020-2024","0024",대장 내시경,남,통원,"35_39세",77547.6,1.3,72141.0
"2020-2024","0024",대장 내시경,여,통원,"40_44세",101005.8,1.2,82424.0
"2020-2024","0024",대장 내시경,남,통원,"40_44세",120494.8,1.3,75599.0
"2020-2024","0024",대장 내시경,여,통원,"45_49세",99986.2,1.3,82209.0
"2020-2024","0024",대장 내시경,남,통원,"45_49세",112876.6,1.3,74090.0
"2020-2024","0024",대장 내시경,여,통원,"50_54세",150479.6,1.3,83879.0
"2020-2024","0024",대장 내시경,남,통원,"50_54세",145480.0,1.3,74254.0
"2020-2024","0024",대장 내시경,여,통원,"55_59세",156533.8,1.3,84336.0
"2020-2024","0024",대장 내시경,남,통원,"55_59세",142353.0,1.3,74193.0
"2020-2024","0024",대장 내시경,여,통원,"5_9세",650.0,1.3,51353.0
"2020-2024","0024",대장 내시경,남,통원,"5_9세",1267.6,1.2,47395.0
"2020-2024","0024",대장 내시경,여,통원,"60_64세",179416.8,1.3,84206.0
"2020-2024","0024",대장 내시경,남,통원,"60_64세",165235.0,1.3,75801.0
"2020-2024","0024",대장 내시경,여,통원,"65_69세",134836.6,1.3,82809.0
"2020-2024","0024",대장 내시경,남,통원,"65_69세",129542.0,1.3,75850.0
"2020-2024","0024",대장 내시경,여,통원,"70_74세",89543.4,1.3,80996.0
"2020-2024","0024",대장 내시경,남,통원,"70_74세",90382.4,1.4,76266.0
"2020-2024","0024",대장 내시경,여,통원,"75_79세",51401.6,1.4,77623.0
"2020-2024","0024",대장 내시경,남,통원,"75_79세",54723.6,1.4,75782.0
"2020-2024","0024",대장 내시경,여,통원,"80세 이상",36563.4,1.5,68493.0
"2020-2024","0024",대장 내시경,남,통원,"80세 이상",33063.6,1.5,71256.0
"2020-2024","0025",대장절제술,여,수술,"10_14세",33.4,1.2,1613930.0
"2020-2024","0025",대장절제술,남,수술,"10_14세",53.0,1.2,1601814.0
"2020-2024","0025",대장절제술,여,수술,"15_19세",48.0,1.2,1736366.0
"2020-2024","0025",대장절제술,남,수술,"15_19세",99.2,1.2,1679187.0
"2020-2024","0025",대장절제술,여,수술,"1_4세",15.2,1.0,2741269.0
"2020-2024","0025",대장절제술,남,수술,"1_4세",26.6,1.1,2989466.0
"2020-2024","0025",대장절제술,여,수술,"20_24세",96.2,1.2,1759172.0
"2020-2024","0025",대장절제술,남,수술,"20_24세",169.0,1.2,1778955.0
"2020-2024","0025",대장절제술,여,수술,"25_29세",156.2,1.2,1879650.0
"2020-2024","0025",대장절제술,남,수술,"25_29세",244.2,1.2,1866585.0
"2020-2024","0025",대장절제술,여,수술,"30_34세",218.6,1.2,1988975.0
"2020-2024","0025",대장절제술,남,수술,"30_34세",299.8,1.2,1948438.0
"2020-2024","0025",대장절제술,여,수술,"35_39세",351.4,1.2,2141669.0
"2020-2024","0025",대장절제술,남,수술,"35_39세",398.4,1.2,2086974.0
"2020-2024","0025",대장절제술,여,수술,"40_44세",540.6,1.2,2329880.0
"2020-2024","0025",대장절제술,남,수술,"40_44세",565.0,1.2,2244954.0
"2020-2024","0025",대장절제술,여,수술,"45_49세",812.4,1.2,2442834.0
"2020-2024","0025",대장절제술,남,수술,"45_49세",797.8,1.2,2422183.0
"2020-2024","0025",대장절제술,여,수술,"50_54세",1234.2,1.2,2527180.0
"2020-2024","0025",대장절제술,남,수술,"50_54세",1347.8,1.2,2660200.0
"2020-2024","0025",대장절제술,여,수술,"55_59세",1307.6,1.2,2525750.0
"2020-2024","0025",대장절제술,남,수술,"55_59세",1754.8,1.2,2729416.0
"2020-2024","0025",대장절제술,여,수술,"5_9세",16.2,1.2,1630419.0
"2020-2024","0025",대장절제술,남,수술,"5_9세",20.6,1.2,1781795.0
"2020-2024","0025",대장절제술,여,수술,"60_64세",1585.4,1.2,2533417.0
"2020-2024","0025",대장절제술,남,수술,"60_64세",2415.6,1.2,2783030.0
"2020-2024","0025",대장절제술,여,수술,"65_69세",1500.4,1.2,2573480.0
"2020-2024","0025",대장절제술,남,수술,"65_69세",2329.0,1.2,2797838.0
"2020-2024","0025",대장절제술,여,수술,"70_74세",1460.2,1.2,2595747.0
"2020-2024","0025",대장절제술,남,수술,"70_74세",2012.4,1.2,2775661.0
"2020-2024","0025",대장절제술,여,수술,"75_79세",1488.4,1.2,2629644.0
"2020-2024","0025",대장절제술,남,수술,"75_79세",1729.2,1.2,2741777.0
"2020-2024","0025",대장절제술,여,수술,"80세 이상",2311.4,1.3,2618208.0
"2020-2024","0025",대장절제술,남,수술,"80세 이상",1860.0,1.3,2714257.0
"2020-2024","0026","마취_정맥, 전신, 척추 마취 등",여,통원,"10_14세",9420.2,1.1,155178.0
"2020-2024","0026","마취_정맥, 전신, 척추 마취 등",남,통원,"10_14세",19407.0,1.1,153018.0
"2020-2024","0026","마취_정맥, 전신, 척추 마취 등",여,통원,"15_19세",12901.8,1.1,142184.0
"2020-2024","0026","마취_정맥, 전신, 척추 마취 등",남,통원,"15_19세",28973.6,1.1,141797.0
"2020-2024","0026","마취_정맥, 전신, 척추 마취 등",여,통원,"1_4세",10673.4,1.3,306162.0
"2020-2024","0026","마취_정맥, 전신, 척추 마취 등",남,통원,"1_4세",16101.0,1.3,297989.0
"2020-2024","0026","마취_정맥, 전신, 척추 마취 등",여,통원,"20_24세",28040.2,1.1,133440.0
"2020-2024","0026","마취_정맥, 전신, 척추 마취 등",남,통원,"20_24세",39594.0,1.1,134365.0
"2020-2024","0026","마취_정맥, 전신, 척추 마취 등",여,통원,"25_29세",59632.2,1.1,132572.0
"2020-2024","0026","마취_정맥, 전신, 척추 마취 등",남,통원,"25_29세",42443.0,1.1,136317.0
"2020-2024","0026","마취_정맥, 전신, 척추 마취 등",여,통원,"30_34세",113950.6,1.2,138948.0
"2020-2024","0026","마취_정맥, 전신, 척추 마취 등",남,통원,"30_34세",41485.8,1.1,137729.0
"2020-2024","0026","마취_정맥, 전신, 척추 마취 등",여,통원,"35_39세",109144.6,1.3,148815.0
"2020-2024","0026","마취_정맥, 전신, 척추 마취 등",남,통원,"35_39세",44776.2,1.1,139647.0
"2020-2024","0026","마취_정맥, 전신, 척추 마취 등",여,통원,"40_44세",99526.2,1.3,156780.0
"2020-2024","0026","마취_정맥, 전신, 척추 마취 등",남,통원,"40_44세",54785.0,1.1,141991.0
"2020-2024","0026","마취_정맥, 전신, 척추 마취 등",여,통원,"45_49세",93667.0,1.2,141467.0
"2020-2024","0026","마취_정맥, 전신, 척추 마취 등",남,통원,"45_49세",60712.2,1.1,144791.0
"2020-2024","0026","마취_정맥, 전신, 척추 마취 등",여,통원,"50_54세",106139.8,1.1,138935.0
"2020-2024","0026","마취_정맥, 전신, 척추 마취 등",남,통원,"50_54세",74637.8,1.1,148560.0
"2020-2024","0026","마취_정맥, 전신, 척추 마취 등",여,통원,"55_59세",107455.6,1.1,141366.0
"2020-2024","0026","마취_정맥, 전신, 척추 마취 등",남,통원,"55_59세",85611.4,1.1,151940.0
"2020-2024","0026","마취_정맥, 전신, 척추 마취 등",여,통원,"5_9세",14456.6,1.1,166328.0
"2020-2024","0026","마취_정맥, 전신, 척추 마취 등",남,통원,"5_9세",19597.0,1.1,167164.0
"2020-2024","0026","마취_정맥, 전신, 척추 마취 등",여,통원,"60_64세",122104.8,1.2,144703.0
"2020-2024","0026","마취_정맥, 전신, 척추 마취 등",남,통원,"60_64세",100948.4,1.2,156677.0
"2020-2024","0026","마취_정맥, 전신, 척추 마취 등",여,통원,"65_69세",106003.6,1.2,149789.0
"2020-2024","0026","마취_정맥, 전신, 척추 마취 등",남,통원,"65_69세",86140.6,1.2,162675.0
"2020-2024","0026","마취_정맥, 전신, 척추 마취 등",여,통원,"70_74세",82586.2,1.2,191396.0
"2020-2024","0026","마취_정맥, 전신, 척추 마취 등",남,통원,"70_74세",64566.0,1.2,199443.0
"2020-2024","0026","마취_정맥, 전신, 척추 마취 등",여,통원,"75_79세",65289.8,1.2,194533.0
"2020-2024","0026","마취_정맥, 전신, 척추 마취 등",남,통원,"75_79세",46778.2,1.2,202895.0
"2020-2024","0026","마취_정맥, 전신, 척추 마취 등",여,통원,"80세 이상",71981.6,1.2,195600.0
"2020-2024","0026","마취_정맥, 전신, 척추 마취 등",남,통원,"80세 이상",40143.0,1.2,203232.0
"2020-2024","0027",물리치료-기본,여,통원,"10_14세",162004.4,5.2,11150.0
"2020-2024","0027",물리치료-기본,남,통원,"10_14세",232951.2,5.5,11899.0
"2020-2024","0027",물리치료-기본,여,통원,"15_19세",218721.6,7.5,15232.0
"2020-2024","0027",물리치료-기본,남,통원,"15_19세",276744.8,8.6,17522.0
"2020-2024","0027",물리치료-기본,여,통원,"1_4세",5893.2,6.7,22611.0
"2020-2024","0027",물리치료-기본,남,통원,"1_4세",7408.2,6.8,22629.0
"2020-2024","0027",물리치료-기본,여,통원,"20_24세",287324.0,7.3,14542.0
"2020-2024","0027",물리치료-기본,남,통원,"20_24세",314441.4,8.5,17179.0
"2020-2024","0027",물리치료-기본,여,통원,"25_29세",373952.4,7.8,15699.0
"2020-2024","0027",물리치료-기본,남,통원,"25_29세",413114.8,8.3,16837.0
"2020-2024","0027",물리치료-기본,여,통원,"30_34세",366822.6,8.6,17506.0
"2020-2024","0027",물리치료-기본,남,통원,"30_34세",421711.8,9.0,18325.0
"2020-2024","0027",물리치료-기본,여,통원,"35_39세",392654.6,9.8,19941.0
"2020-2024","0027",물리치료-기본,남,통원,"35_39세",437630.6,10.0,20470.0
"2020-2024","0027",물리치료-기본,여,통원,"40_44세",489938.8,11.4,23212.0
"2020-2024","0027",물리치료-기본,남,통원,"40_44세",496351.2,11.2,23058.0
"2020-2024","0027",물리치료-기본,여,통원,"45_49세",594613.8,13.5,27756.0
"2020-2024","0027",물리치료-기본,남,통원,"45_49세",507425.6,12.6,25880.0
"2020-2024","0027",물리치료-기본,여,통원,"50_54세",761744.8,15.7,32322.0
"2020-2024","0027",물리치료-기본,남,통원,"50_54세",537322.2,13.6,28272.0
"2020-2024","0027",물리치료-기본,여,통원,"55_59세",754498.6,17.9,37131.0
"2020-2024","0027",물리치료-기본,남,통원,"55_59세",509606.0,15.0,31380.0
"2020-2024","0027",물리치료-기본,여,통원,"5_9세",66791.2,4.0,8270.0
"2020-2024","0027",물리치료-기본,남,통원,"5_9세",82229.8,4.1,8694.0
"2020-2024","0027",물리치료-기본,여,통원,"60_64세",802932.6,20.9,43568.0
"2020-2024","0027",물리치료-기본,남,통원,"60_64세",520635.8,17.2,36079.0
"2020-2024","0027",물리치료-기본,여,통원,"65_69세",685811.4,26.2,55976.0
"2020-2024","0027",물리치료-기본,남,통원,"65_69세",421410.0,21.4,45781.0
"2020-2024","0027",물리치료-기본,여,통원,"70_74세",516067.6,29.8,64396.0
"2020-2024","0027",물리치료-기본,남,통원,"70_74세",303982.6,26.0,55854.0
"2020-2024","0027",물리치료-기본,여,통원,"75_79세",414759.6,32.9,72046.0
"2020-2024","0027",물리치료-기본,남,통원,"75_79세",223184.2,30.4,66105.0
"2020-2024","0027",물리치료-기본,여,통원,"80세 이상",469104.8,40.4,93598.0
"2020-2024","0027",물리치료-기본,남,통원,"80세 이상",214852.2,35.9,81354.0
"2020-2024","0028",반월판 연골절제술,여,수술,"10_14세",50.0,1.1,260591.0
"2020-2024","0028",반월판 연골절제술,남,수술,"10_14세",82.6,1.1,261847.0
"2020-2024","0028",반월판 연골절제술,여,수술,"15_19세",127.2,1.1,244798.0
"2020-2024","0028",반월판 연골절제술,남,수술,"15_19세",658.4,1.1,245121.0
"2020-2024","0028",반월판 연골절제술,여,수술,"1_4세",2.5,1.2,477688.0
"2020-2024","0028",반월판 연골절제술,남,수술,"1_4세",1.3,1.3,421585.0
"2020-2024","0028",반월판 연골절제술,여,수술,"20_24세",174.6,1.1,242358.0
"2020-2024","0028",반월판 연골절제술,남,수술,"20_24세",1048.8,1.1,238609.0
"2020-2024","0028",반월판 연골절제술,여,수술,"25_29세",201.0,1.1,249685.0
"2020-2024","0028",반월판 연골절제술,남,수술,"25_29세",982.6,1.0,233250.0
"2020-2024","0028",반월판 연골절제술,여,수술,"30_34세",241.0,1.1,259585.0
"2020-2024","0028",반월판 연골절제술,남,수술,"30_34세",985.0,1.0,242557.0
"2020-2024","0028",반월판 연골절제술,여,수술,"35_39세",445.2,1.1,260515.0
"2020-2024","0028",반월판 연골절제술,남,수술,"35_39세",1351.4,1.1,252201.0
"2020-2024","0028",반월판 연골절제술,여,수술,"40_44세",853.8,1.1,259756.0
"2020-2024","0028",반월판 연골절제술,남,수술,"40_44세",1842.2,1.1,254999.0
"2020-2024","0028",반월판 연골절제술,여,수술,"45_49세",1718.0,1.1,261327.0
"2020-2024","0028",반월판 연골절제술,남,수술,"45_49세",2380.0,1.1,257236.0
"2020-2024","0028",반월판 연골절제술,여,수술,"50_54세",3746.2,1.1,263457.0
"2020-2024","0028",반월판 연골절제술,남,수술,"50_54세",3092.0,1.1,257229.0
"2020-2024","0028",반월판 연골절제술,여,수술,"55_59세",5523.6,1.1,262598.0
"2020-2024","0028",반월판 연골절제술,남,수술,"55_59세",3622.6,1.1,257143.0
"2020-2024","0028",반월판 연골절제술,여,수술,"5_9세",10.8,1.1,260123.0
"2020-2024","0028",반월판 연골절제술,남,수술,"5_9세",9.2,1.1,276658.0
"2020-2024","0028",반월판 연골절제술,여,수술,"60_64세",6407.4,1.1,264984.0
"2020-2024","0028",반월판 연골절제술,남,수술,"60_64세",3765.4,1.1,262188.0
"2020-2024","0028",반월판 연골절제술,여,수술,"65_69세",4240.2,1.1,270996.0
"2020-2024","0028",반월판 연골절제술,남,수술,"65_69세",2307.0,1.1,265045.0
"2020-2024","0028",반월판 연골절제술,여,수술,"70_74세",2038.2,1.1,276790.0
"2020-2024","0028",반월판 연골절제술,남,수술,"70_74세",1093.4,1.1,270922.0
"2020-2024","0028",반월판 연골절제술,여,수술,"75_79세",912.4,1.1,276567.0
"2020-2024","0028",반월판 연골절제술,남,수술,"75_79세",518.2,1.1,273406.0
"2020-2024","0028",반월판 연골절제술,여,수술,"80세 이상",480.4,1.1,274628.0
"2020-2024","0028",반월판 연골절제술,남,수술,"80세 이상",249.4,1.1,273236.0
"2020-2024","0030",방사선 단순영상,여,통원,"10_14세",703859.2,3.5,31301.0
"2020-2024","0030",방사선 단순영상,남,통원,"10_14세",811168.8,4.2,38146.0
"2020-2024","0030",방사선 단순영상,여,통원,"15_19세",656598.4,3.2,29130.0
"2020-2024","0030",방사선 단순영상,남,통원,"15_19세",710175.0,3.7,34434.0
"2020-2024","0030",방사선 단순영상,여,통원,"1_4세",449796.6,4.1,34441.0
"2020-2024","0030",방사선 단순영상,남,통원,"1_4세",498535.4,4.3,36230.0
"2020-2024","0030",방사선 단순영상,여,통원,"20_24세",913886.4,3.1,28950.0
"2020-2024","0030",방사선 단순영상,남,통원,"20_24세",872633.4,3.3,30559.0
"2020-2024","0030",방사선 단순영상,여,통원,"25_29세",1062838.4,3.2,30292.0
"2020-2024","0030",방사선 단순영상,남,통원,"25_29세",1072571.2,3.3,30573.0
"2020-2024","0030",방사선 단순영상,여,통원,"30_34세",1019032.6,3.3,30776.0
"2020-2024","0030",방사선 단순영상,남,통원,"30_34세",1038957.0,3.4,31474.0
"2020-2024","0030",방사선 단순영상,여,통원,"35_39세",1055698.0,3.4,31864.0
"2020-2024","0030",방사선 단순영상,남,통원,"35_39세",1063313.4,3.5,31775.0
"2020-2024","0030",방사선 단순영상,여,통원,"40_44세",1200296.6,3.5,33850.0
"2020-2024","0030",방사선 단순영상,남,통원,"40_44세",1198402.4,3.6,32554.0
"2020-2024","0030",방사선 단순영상,여,통원,"45_49세",1311860.8,3.8,36825.0
"2020-2024","0030",방사선 단순영상,남,통원,"45_49세",1252418.8,3.7,33083.0
"2020-2024","0030",방사선 단순영상,여,통원,"50_54세",1574412.8,4.3,41258.0
"2020-2024","0030",방사선 단순영상,남,통원,"50_54세",1409024.4,3.9,34649.0
"2020-2024","0030",방사선 단순영상,여,통원,"55_59세",1571478.8,4.8,44251.0
"2020-2024","0030",방사선 단순영상,남,통원,"55_59세",1400133.4,4.3,37519.0
"2020-2024","0030",방사선 단순영상,여,통원,"5_9세",852531.6,4.1,32758.0
"2020-2024","0030",방사선 단순영상,남,통원,"5_9세",884350.6,4.2,33878.0
"2020-2024","0030",방사선 단순영상,여,통원,"60_64세",1639112.8,5.3,48589.0
"2020-2024","0030",방사선 단순영상,남,통원,"60_64세",1433919.0,4.8,41656.0
"2020-2024","0030",방사선 단순영상,여,통원,"65_69세",1307578.4,5.9,53360.0
"2020-2024","0030",방사선 단순영상,남,통원,"65_69세",1117592.4,5.3,46026.0
"2020-2024","0030",방사선 단순영상,여,통원,"70_74세",944275.0,6.5,57775.0
"2020-2024","0030",방사선 단순영상,남,통원,"70_74세",782829.2,6.0,51066.0
"2020-2024","0030",방사선 단순영상,여,통원,"75_79세",741537.0,7.0,61573.0
"2020-2024","0030",방사선 단순영상,남,통원,"75_79세",563536.2,6.7,56789.0
"2020-2024","0030",방사선 단순영상,여,통원,"80세 이상",973334.8,7.8,65924.0
"2020-2024","0030",방사선 단순영상,남,통원,"80세 이상",551552.0,8.1,66852.0
"2020-2024","0031",부정맥수술,여,수술,"10_14세",60.4,1.3,2295141.0
"2020-2024","0031",부정맥수술,남,수술,"10_14세",70.6,1.4,2405293.0
"2020-2024","0031",부정맥수술,여,수술,"15_19세",95.6,1.3,2350326.0
"2020-2024","0031",부정맥수술,남,수술,"15_19세",165.0,1.5,2417914.0
"2020-2024","0031",부정맥수술,여,수술,"1_4세",2.0,1.5,7168038.0
"2020-2024","0031",부정맥수술,남,수술,"1_4세",1.3,1.3,4994964.0
"2020-2024","0031",부정맥수술,여,수술,"20_24세",123.4,1.3,2334559.0
"2020-2024","0031",부정맥수술,남,수술,"20_24세",172.0,1.5,2449132.0
"2020-2024","0031",부정맥수술,여,수술,"25_29세",158.2,1.2,2360940.0
"2020-2024","0031",부정맥수술,남,수술,"25_29세",160.0,1.5,2605403.0
"2020-2024","0031",부정맥수술,여,수술,"30_34세",170.2,1.2,2456124.0
"2020-2024","0031",부정맥수술,남,수술,"30_34세",180.4,1.6,2833955.0
"2020-2024","0031",부정맥수술,여,수술,"35_39세",199.6,1.3,2531954.0
"2020-2024","0031",부정맥수술,남,수술,"35_39세",276.6,1.6,2990196.0
"2020-2024","0031",부정맥수술,여,수술,"40_44세",296.0,1.3,2565906.0
"2020-2024","0031",부정맥수술,남,수술,"40_44세",451.6,1.8,3296613.0
"2020-2024","0031",부정맥수술,여,수술,"45_49세",345.2,1.3,2707528.0
"2020-2024","0031",부정맥수술,남,수술,"45_49세",643.8,1.9,3488736.0
"2020-2024","0031",부정맥수술,여,수술,"50_54세",451.2,1.4,3033702.0
"2020-2024","0031",부정맥수술,남,수술,"50_54세",943.0,1.9,3639211.0
"2020-2024","0031",부정맥수술,여,수술,"55_59세",559.4,1.6,3229292.0
"2020-2024","0031",부정맥수술,남,수술,"55_59세",1199.4,1.9,3750548.0
"2020-2024","0031",부정맥수술,여,수술,"5_9세",6.0,1.3,2297141.0
"2020-2024","0031",부정맥수술,남,수술,"5_9세",7.8,1.5,2632601.0
"2020-2024","0031",부정맥수술,여,수술,"60_64세",749.2,1.7,3459474.0
"2020-2024","0031",부정맥수술,남,수술,"60_64세",1512.2,1.9,3789989.0
"2020-2024","0031",부정맥수술,여,수술,"65_69세",721.8,1.7,3624084.0
"2020-2024","0031",부정맥수술,남,수술,"65_69세",1294.6,1.9,3832721.0
"2020-2024","0031",부정맥수술,여,수술,"70_74세",544.6,1.7,3726207.0
"2020-2024","0031",부정맥수술,남,수술,"70_74세",847.6,1.9,3756481.0
"2020-2024","0031",부정맥수술,여,수술,"75_79세",348.4,1.7,3669339.0
"2020-2024","0031",부정맥수술,남,수술,"75_79세",468.0,1.8,3603542.0
"2020-2024","0031",부정맥수술,여,수술,"80세 이상",173.0,1.6,3311175.0
"2020-2024","0031",부정맥수술,남,수술,"80세 이상",216.8,1.6,3222107.0
"2020-2024","0036",상부소화관 내시경검사,여,통원,"10_14세",1750.6,1.8,77104.0
"2020-2024","0036",상부소화관 내시경검사,남,통원,"10_14세",1668.6,1.9,80899.0
"2020-2024","0036",상부소화관 내시경검사,여,통원,"15_19세",11110.2,1.4,71301.0
"2020-2024","0036",상부소화관 내시경검사,남,통원,"15_19세",8168.2,1.5,73273.0
"2020-2024","0036",상부소화관 내시경검사,여,통원,"1_4세",191.0,1.7,111777.0
"2020-2024","0036",상부소화관 내시경검사,남,통원,"1_4세",259.6,1.8,114557.0
"2020-2024","0036",상부소화관 내시경검사,여,통원,"20_24세",41514.8,1.4,71404.0
"2020-2024","0036",상부소화관 내시경검사,남,통원,"20_24세",25346.4,1.4,72371.0
"2020-2024","0036",상부소화관 내시경검사,여,통원,"25_29세",73324.8,1.4,72214.0
"2020-2024","0036",상부소화관 내시경검사,남,통원,"25_29세",52215.2,1.5,72611.0
"2020-2024","0036",상부소화관 내시경검사,여,통원,"30_34세",89971.0,1.5,72821.0
"2020-2024","0036",상부소화관 내시경검사,남,통원,"30_34세",77670.0,1.5,73107.0
"2020-2024","0036",상부소화관 내시경검사,여,통원,"35_39세",105797.8,1.5,72344.0
"2020-2024","0036",상부소화관 내시경검사,남,통원,"35_39세",93667.6,1.5,72619.0
"2020-2024","0036",상부소화관 내시경검사,여,통원,"40_44세",69203.2,1.4,60393.0
"2020-2024","0036",상부소화관 내시경검사,남,통원,"40_44세",69140.2,1.5,60489.0
"2020-2024","0036",상부소화관 내시경검사,여,통원,"45_49세",75885.0,1.5,62304.0
"2020-2024","0036",상부소화관 내시경검사,남,통원,"45_49세",73424.6,1.5,63354.0
"2020-2024","0036",상부소화관 내시경검사,여,통원,"50_54세",102641.2,1.5,63464.0
"2020-2024","0036",상부소화관 내시경검사,남,통원,"50_54세",94992.6,1.6,65830.0
"2020-2024","0036",상부소화관 내시경검사,여,통원,"55_59세",117761.8,1.5,66388.0
"2020-2024","0036",상부소화관 내시경검사,남,통원,"55_59세",110537.2,1.6,70419.0
"2020-2024","0036",상부소화관 내시경검사,여,통원,"5_9세",452.8,2.0,84397.0
"2020-2024","0036",상부소화관 내시경검사,남,통원,"5_9세",590.6,2.1,85934.0
"2020-2024","0036",상부소화관 내시경검사,여,통원,"60_64세",137509.0,1.5,68331.0
"2020-2024","0036",상부소화관 내시경검사,남,통원,"60_64세",138397.6,1.7,73309.0
"2020-2024","0036",상부소화관 내시경검사,여,통원,"65_69세",111341.6,1.6,70530.0
"2020-2024","0036",상부소화관 내시경검사,남,통원,"65_69세",119757.0,1.7,76157.0
"2020-2024","0036",상부소화관 내시경검사,여,통원,"70_74세",81098.0,1.6,73009.0
"2020-2024","0036",상부소화관 내시경검사,남,통원,"70_74세",91793.0,1.7,78748.0
"2020-2024","0036",상부소화관 내시경검사,여,통원,"75_79세",60718.4,1.6,75871.0
"2020-2024","0036",상부소화관 내시경검사,남,통원,"75_79세",65658.8,1.8,81130.0
"2020-2024","0036",상부소화관 내시경검사,여,통원,"80세 이상",57304.2,1.7,78711.0
"2020-2024","0036",상부소화관 내시경검사,남,통원,"80세 이상",48677.0,1.8,83499.0
"2020-2024","0040",식도종양 수술,여,수술,"10_14세",1.0,1.0,2864623.0
"2020-2024","0040",식도종양 수술,여,수술,"15_19세",1.0,1.0,2711514.0
"2020-2024","0040",식도종양 수술,남,수술,"15_19세",1.0,1.0,1668264.0
"2020-2024","0040",식도종양 수술,여,수술,"1_4세",1.0,1.0,3775652.0
"2020-2024","0040",식도종양 수술,남,수술,"1_4세",2.5,1.0,3647487.0
"2020-2024","0040",식도종양 수술,여,수술,"20_24세",1.0,1.0,4783272.0
"2020-2024","0040",식도종양 수술,남,수술,"20_24세",2.7,1.0,2763924.0
"2020-2024","0040",식도종양 수술,여,수술,"25_29세",2.0,1.0,1762423.0
"2020-2024","0040",식도종양 수술,남,수술,"25_29세",2.0,1.0,3009512.0
"2020-2024","0040",식도종양 수술,여,수술,"30_34세",1.3,1.0,2996595.0
"2020-2024","0040",식도종양 수술,남,수술,"30_34세",2.4,1.0,2649468.0
"2020-2024","0040",식도종양 수술,여,수술,"35_39세",2.4,1.0,3166778.0
"2020-2024","0040",식도종양 수술,남,수술,"35_39세",3.0,1.0,2980911.0
"2020-2024","0040",식도종양 수술,여,수술,"40_44세",6.6,1.0,3699864.0
"2020-2024","0040",식도종양 수술,남,수술,"40_44세",8.2,1.0,3365814.0
"2020-2024","0040",식도종양 수술,여,수술,"45_49세",8.0,1.0,4084421.0
"2020-2024","0040",식도종양 수술,남,수술,"45_49세",15.4,1.1,4490907.0
"2020-2024","0040",식도종양 수술,여,수술,"50_54세",10.4,1.0,4571330.0
"2020-2024","0040",식도종양 수술,남,수술,"50_54세",35.2,1.1,5129882.0
"2020-2024","0040",식도종양 수술,여,수술,"55_59세",14.0,1.1,4811354.0
"2020-2024","0040",식도종양 수술,남,수술,"55_59세",78.2,1.1,5149032.0
"2020-2024","0040",식도종양 수술,남,수술,"5_9세",1.0,1.0,1420861.0
"2020-2024","0040",식도종양 수술,여,수술,"60_64세",16.8,1.1,5055386.0
"2020-2024","0040",식도종양 수술,남,수술,"60_64세",135.8,1.1,5234121.0
"2020-2024","0040",식도종양 수술,여,수술,"65_69세",14.6,1.1,4963649.0
"2020-2024","0040",식도종양 수술,남,수술,"65_69세",133.6,1.1,5298769.0
"2020-2024","0040",식도종양 수술,여,수술,"70_74세",11.4,1.1,4929044.0
"2020-2024","0040",식도종양 수술,남,수술,"70_74세",101.0,1.1,5225554.0
"2020-2024","0040",식도종양 수술,여,수술,"75_79세",5.6,1.0,4761387.0
"2020-2024","0040",식도종양 수술,남,수술,"75_79세",57.0,1.1,5259248.0
"2020-2024","0040",식도종양 수술,여,수술,"80세 이상",2.6,1.0,4259756.0
"2020-2024","0040",식도종양 수술,남,수술,"80세 이상",23.4,1.2,5090135.0
"2020-2024","0041",신경차단술,여,통원,"10_14세",9882.2,2.7,72992.0
"2020-2024","0041",신경차단술,남,통원,"10_14세",19132.4,2.6,61305.0
"2020-2024","0041",신경차단술,여,통원,"15_19세",29979.2,3.3,132566.0
"2020-2024","0041",신경차단술,남,통원,"15_19세",50057.2,3.2,116850.0
"2020-2024","0041",신경차단술,여,통원,"1_4세",828.4,2.3,49036.0
"2020-2024","0041",신경차단술,남,통원,"1_4세",1422.6,2.3,49399.0
"2020-2024","0041",신경차단술,여,통원,"20_24세",77459.0,3.3,154753.0
"2020-2024","0041",신경차단술,남,통원,"20_24세",101978.4,3.3,146846.0
"2020-2024","0041",신경차단술,여,통원,"25_29세",132085.2,3.6,175285.0
"2020-2024","0041",신경차단술,남,통원,"25_29세",165742.8,3.6,175955.0
"2020-2024","0041",신경차단술,여,통원,"30_34세",156267.6,3.9,188742.0
"2020-2024","0041",신경차단술,남,통원,"30_34세",205539.4,4.1,205010.0
"2020-2024","0041",신경차단술,여,통원,"35_39세",186844.2,4.2,204874.0
"2020-2024","0041",신경차단술,남,통원,"35_39세",246858.0,4.3,219289.0
"2020-2024","0041",신경차단술,여,통원,"40_44세",254249.8,4.6,222105.0
"2020-2024","0041",신경차단술,남,통원,"40_44세",309082.8,4.7,231049.0
"2020-2024","0041",신경차단술,여,통원,"45_49세",336708.2,5.2,239784.0
"2020-2024","0041",신경차단술,남,통원,"45_49세",334744.8,5.0,236878.0
"2020-2024","0041",신경차단술,여,통원,"50_54세",473812.8,5.7,261024.0
"2020-2024","0041",신경차단술,남,통원,"50_54세",382271.0,5.2,243477.0
"2020-2024","0041",신경차단술,여,통원,"55_59세",507028.4,6.0,276121.0
"2020-2024","0041",신경차단술,남,통원,"55_59세",393291.0,5.5,253187.0
"2020-2024","0041",신경차단술,여,통원,"5_9세",2841.0,2.3,44887.0
"2020-2024","0041",신경차단술,남,통원,"5_9세",4669.6,2.3,43326.0
"2020-2024","0041",신경차단술,여,통원,"60_64세",582641.0,6.5,302447.0
"2020-2024","0041",신경차단술,남,통원,"60_64세",428362.0,5.9,275074.0
"2020-2024","0041",신경차단술,여,통원,"65_69세",510187.2,6.9,326759.0
"2020-2024","0041",신경차단술,남,통원,"65_69세",349885.0,6.3,295760.0
"2020-2024","0041",신경차단술,여,통원,"70_74세",393768.0,7.1,335907.0
"2020-2024","0041",신경차단술,남,통원,"70_74세",250567.2,6.4,301239.0
"2020-2024","0041",신경차단술,여,통원,"75_79세",318779.2,7.2,339578.0
"2020-2024","0041",신경차단술,남,통원,"75_79세",180577.2,6.5,308598.0
"2020-2024","0041",신경차단술,여,통원,"80세 이상",346293.8,6.9,319801.0
"2020-2024","0041",신경차단술,남,통원,"80세 이상",162033.4,6.7,320655.0
"2020-2024","0042",신경파괴술,여,통원,"10_14세",1.0,1.7,346589.0
"2020-2024","0042",신경파괴술,남,통원,"10_14세",1.0,3.0,457174.0
"2020-2024","0042",신경파괴술,여,통원,"15_19세",6.2,1.6,308433.0
"2020-2024","0042",신경파괴술,남,통원,"15_19세",5.8,2.3,456410.0
"2020-2024","0042",신경파괴술,여,통원,"20_24세",36.0,1.2,199257.0
"2020-2024","0042",신경파괴술,남,통원,"20_24세",8.4,1.6,349473.0
"2020-2024","0042",신경파괴술,여,통원,"25_29세",64.4,1.1,175342.0
"2020-2024","0042",신경파괴술,남,통원,"25_29세",9.6,1.8,335288.0
"2020-2024","0042",신경파괴술,여,통원,"30_34세",38.8,1.3,218545.0
"2020-2024","0042",신경파괴술,남,통원,"30_34세",10.0,1.5,313612.0
"2020-2024","0042",신경파괴술,여,통원,"35_39세",32.8,1.4,255960.0
"2020-2024","0042",신경파괴술,남,통원,"35_39세",11.8,1.5,350632.0
"2020-2024","0042",신경파괴술,여,통원,"40_44세",44.6,1.3,241216.0
"2020-2024","0042",신경파괴술,남,통원,"40_44세",19.2,1.4,314941.0
"2020-2024","0042",신경파괴술,여,통원,"45_49세",45.2,1.4,250005.0
"2020-2024","0042",신경파괴술,남,통원,"45_49세",27.2,1.4,331433.0
"2020-2024","0042",신경파괴술,여,통원,"50_54세",55.8,1.4,279285.0
"2020-2024","0042",신경파괴술,남,통원,"50_54세",37.6,1.5,348427.0
"2020-2024","0042",신경파괴술,여,통원,"55_59세",60.0,1.5,323014.0
"2020-2024","0042",신경파괴술,남,통원,"55_59세",52.8,1.5,357732.0
"2020-2024","0042",신경파괴술,남,통원,"5_9세",1.0,1.0,230200.0
"2020-2024","0042",신경파괴술,여,통원,"60_64세",62.8,1.5,328366.0
"2020-2024","0042",신경파괴술,남,통원,"60_64세",65.0,1.6,385956.0
"2020-2024","0042",신경파괴술,여,통원,"65_69세",60.8,1.4,304678.0
"2020-2024","0042",신경파괴술,남,통원,"65_69세",63.4,1.6,380309.0
"2020-2024","0042",신경파괴술,여,통원,"70_74세",50.0,1.4,323934.0
"2020-2024","0042",신경파괴술,남,통원,"70_74세",47.8,1.5,358823.0
"2020-2024","0042",신경파괴술,여,통원,"75_79세",47.2,1.5,348493.0
"2020-2024","0042",신경파괴술,남,통원,"75_79세",31.6,1.7,383937.0
"2020-2024","0042",신경파괴술,여,통원,"80세 이상",68.6,1.4,282457.0
"2020-2024","0042",신경파괴술,남,통원,"80세 이상",27.6,1.6,346371.0
"2020-2024","0045",십자인대성형술,여,수술,"10_14세",65.8,1.1,556582.0
"2020-2024","0045",십자인대성형술,남,수술,"10_14세",53.6,1.1,575223.0
"2020-2024","0045",십자인대성형술,여,수술,"15_19세",353.2,1.1,551341.0
"2020-2024","0045",십자인대성형술,남,수술,"15_19세",1177.2,1.1,553923.0
"2020-2024","0045",십자인대성형술,여,수술,"1_4세",1.0,1.0,929747.0
"2020-2024","0045",십자인대성형술,여,수술,"20_24세",364.8,1.1,551850.0
"2020-2024","0045",십자인대성형술,남,수술,"20_24세",2085.8,1.1,547399.0
"2020-2024","0045",십자인대성형술,여,수술,"25_29세",354.8,1.1,552333.0
"2020-2024","0045",십자인대성형술,남,수술,"25_29세",1951.6,1.1,549485.0
"2020-2024","0045",십자인대성형술,여,수술,"30_34세",261.4,1.1,554387.0
"2020-2024","0045",십자인대성형술,남,수술,"30_34세",1429.6,1.1,550341.0
"2020-2024","0045",십자인대성형술,여,수술,"35_39세",271.6,1.1,547228.0
"2020-2024","0045",십자인대성형술,남,수술,"35_39세",1041.0,1.1,549817.0
"2020-2024","0045",십자인대성형술,여,수술,"40_44세",338.6,1.1,545104.0
"2020-2024","0045",십자인대성형술,남,수술,"40_44세",814.8,1.1,546166.0
"2020-2024","0045",십자인대성형술,여,수술,"45_49세",336.8,1.1,533708.0
"2020-2024","0045",십자인대성형술,남,수술,"45_49세",665.2,1.1,540203.0
"2020-2024","0045",십자인대성형술,여,수술,"50_54세",308.4,1.1,534955.0
"2020-2024","0045",십자인대성형술,남,수술,"50_54세",585.0,1.1,534966.0
"2020-2024","0045",십자인대성형술,여,수술,"55_59세",239.4,1.1,525126.0
"2020-2024","0045",십자인대성형술,남,수술,"55_59세",419.0,1.1,531389.0
"2020-2024","0045",십자인대성형술,여,수술,"5_9세",2.0,1.0,542338.0
"2020-2024","0045",십자인대성형술,남,수술,"5_9세",3.0,1.2,581268.0
"2020-2024","0045",십자인대성형술,여,수술,"60_64세",160.2,1.1,518644.0
"2020-2024","0045",십자인대성형술,남,수술,"60_64세",269.4,1.1,529954.0
"2020-2024","0045",십자인대성형술,여,수술,"65_69세",62.4,1.1,512656.0
"2020-2024","0045",십자인대성형술,남,수술,"65_69세",99.8,1.1,528202.0
"2020-2024","0045",십자인대성형술,여,수술,"70_74세",12.6,1.0,498692.0
"2020-2024","0045",십자인대성형술,남,수술,"70_74세",38.2,1.1,533101.0
"2020-2024","0045",십자인대성형술,여,수술,"75_79세",4.3,1.2,499208.0
"2020-2024","0045",십자인대성형술,남,수술,"75_79세",10.6,1.1,561053.0
"2020-2024","0045",십자인대성형술,여,수술,"80세 이상",2.0,1.1,488775.0
"2020-2024","0045",십자인대성형술,남,수술,"80세 이상",2.8,1.0,493114.0
"2020-2024","0048",양전자방출단층촬영(PET),여,통원,"10_14세",194.8,1.6,741741.0
"2020-2024","0048",양전자방출단층촬영(PET),남,통원,"10_14세",231.8,1.6,766494.0
"2020-2024","0048",양전자방출단층촬영(PET),여,통원,"15_19세",247.6,1.5,691986.0
"2020-2024","0048",양전자방출단층촬영(PET),남,통원,"15_19세",314.2,1.6,765574.0
"2020-2024","0048",양전자방출단층촬영(PET),여,통원,"1_4세",128.6,1.4,765571.0
"2020-2024","0048",양전자방출단층촬영(PET),남,통원,"1_4세",146.0,1.5,770069.0
"2020-2024","0048",양전자방출단층촬영(PET),여,통원,"20_24세",447.2,1.4,620108.0
"2020-2024","0048",양전자방출단층촬영(PET),남,통원,"20_24세",445.2,1.5,691437.0
"2020-2024","0048",양전자방출단층촬영(PET),여,통원,"25_29세",833.2,1.3,600597.0
"2020-2024","0048",양전자방출단층촬영(PET),남,통원,"25_29세",602.6,1.4,661232.0
"2020-2024","0048",양전자방출단층촬영(PET),여,통원,"30_34세",1376.4,1.3,579551.0
"2020-2024","0048",양전자방출단층촬영(PET),남,통원,"30_34세",777.2,1.4,624435.0
"2020-2024","0048",양전자방출단층촬영(PET),여,통원,"35_39세",2326.6,1.3,578810.0
"2020-2024","0048",양전자방출단층촬영(PET),남,통원,"35_39세",1221.2,1.4,608522.0
"2020-2024","0048",양전자방출단층촬영(PET),여,통원,"40_44세",4013.2,1.3,578059.0
"2020-2024","0048",양전자방출단층촬영(PET),남,통원,"40_44세",2093.8,1.3,598760.0
"2020-2024","0048",양전자방출단층촬영(PET),여,통원,"45_49세",5794.2,1.3,577447.0
"2020-2024","0048",양전자방출단층촬영(PET),남,통원,"45_49세",3235.2,1.3,584428.0
"2020-2024","0048",양전자방출단층촬영(PET),여,통원,"50_54세",8221.4,1.3,578596.0
"2020-2024","0048",양전자방출단층촬영(PET),남,통원,"50_54세",5910.2,1.3,579082.0
"2020-2024","0048",양전자방출단층촬영(PET),여,통원,"55_59세",9433.6,1.3,576600.0
"2020-2024","0048",양전자방출단층촬영(PET),남,통원,"55_59세",9337.6,1.3,568382.0
"2020-2024","0048",양전자방출단층촬영(PET),여,통원,"5_9세",147.6,1.6,745513.0
"2020-2024","0048",양전자방출단층촬영(PET),남,통원,"5_9세",178.2,1.6,781229.0
"2020-2024","0048",양전자방출단층촬영(PET),여,통원,"60_64세",11685.6,1.3,565723.0
"2020-2024","0048",양전자방출단층촬영(PET),남,통원,"60_64세",14972.6,1.3,564711.0
"2020-2024","0048",양전자방출단층촬영(PET),여,통원,"65_69세",11175.0,1.2,552249.0
"2020-2024","0048",양전자방출단층촬영(PET),남,통원,"65_69세",17229.2,1.2,556699.0
"2020-2024","0048",양전자방출단층촬영(PET),여,통원,"70_74세",10180.6,1.2,534449.0
"2020-2024","0048",양전자방출단층촬영(PET),남,통원,"70_74세",16939.6,1.2,541805.0
"2020-2024","0048",양전자방출단층촬영(PET),여,통원,"75_79세",9446.0,1.2,515062.0
"2020-2024","0048",양전자방출단층촬영(PET),남,통원,"75_79세",14905.6,1.2,527822.0
"2020-2024","0048",양전자방출단층촬영(PET),여,통원,"80세 이상",10438.2,1.1,503492.0
"2020-2024","0048",양전자방출단층촬영(PET),남,통원,"80세 이상",13519.4,1.1,512979.0
"2020-2024","0049",역행성 담(췌)관 내시경 수술,여,수술,"10_14세",17.2,1.5,1204257.0
"2020-2024","0049",역행성 담(췌)관 내시경 수술,남,수술,"10_14세",11.8,1.7,1439175.0
"2020-2024","0049",역행성 담(췌)관 내시경 수술,여,수술,"15_19세",50.4,1.6,1232411.0
"2020-2024","0049",역행성 담(췌)관 내시경 수술,남,수술,"15_19세",36.6,1.7,1315413.0
"2020-2024","0049",역행성 담(췌)관 내시경 수술,여,수술,"1_4세",5.6,1.1,1420163.0
"2020-2024","0049",역행성 담(췌)관 내시경 수술,남,수술,"1_4세",3.3,1.1,1236709.0
"2020-2024","0049",역행성 담(췌)관 내시경 수술,여,수술,"20_24세",137.8,1.5,1088931.0
"2020-2024","0049",역행성 담(췌)관 내시경 수술,남,수술,"20_24세",102.0,1.8,1277418.0
"2020-2024","0049",역행성 담(췌)관 내시경 수술,여,수술,"25_29세",262.0,1.6,1161574.0
"2020-2024","0049",역행성 담(췌)관 내시경 수술,남,수술,"25_29세",225.8,1.7,1235937.0
"2020-2024","0049",역행성 담(췌)관 내시경 수술,여,수술,"30_34세",389.0,1.6,1151773.0
"2020-2024","0049",역행성 담(췌)관 내시경 수술,남,수술,"30_34세",342.8,1.8,1258548.0
"2020-2024","0049",역행성 담(췌)관 내시경 수술,여,수술,"35_39세",484.2,1.6,1186932.0
"2020-2024","0049",역행성 담(췌)관 내시경 수술,남,수술,"35_39세",532.6,1.8,1291991.0
"2020-2024","0049",역행성 담(췌)관 내시경 수술,여,수술,"40_44세",586.4,1.7,1213203.0
"2020-2024","0049",역행성 담(췌)관 내시경 수술,남,수술,"40_44세",751.4,1.8,1304840.0
"2020-2024","0049",역행성 담(췌)관 내시경 수술,여,수술,"45_49세",702.0,1.6,1182815.0
"2020-2024","0049",역행성 담(췌)관 내시경 수술,남,수술,"45_49세",1015.4,1.8,1297893.0
"2020-2024","0049",역행성 담(췌)관 내시경 수술,여,수술,"50_54세",982.4,1.7,1227283.0
"2020-2024","0049",역행성 담(췌)관 내시경 수술,남,수술,"50_54세",1557.2,1.9,1346844.0
"2020-2024","0049",역행성 담(췌)관 내시경 수술,여,수술,"55_59세",1248.0,1.8,1295663.0
"2020-2024","0049",역행성 담(췌)관 내시경 수술,남,수술,"55_59세",2148.2,1.9,1377724.0
"2020-2024","0049",역행성 담(췌)관 내시경 수술,여,수술,"5_9세",7.8,1.3,1174957.0
"2020-2024","0049",역행성 담(췌)관 내시경 수술,남,수술,"5_9세",5.6,1.9,1513231.0
"2020-2024","0049",역행성 담(췌)관 내시경 수술,여,수술,"60_64세",1764.0,1.8,1295547.0
"2020-2024","0049",역행성 담(췌)관 내시경 수술,남,수술,"60_64세",3145.6,1.9,1382589.0
"2020-2024","0049",역행성 담(췌)관 내시경 수술,여,수술,"65_69세",2036.6,1.8,1332043.0
"2020-2024","0049",역행성 담(췌)관 내시경 수술,남,수술,"65_69세",3474.4,1.9,1391406.0
"2020-2024","0049",역행성 담(췌)관 내시경 수술,여,수술,"70_74세",2304.6,1.8,1337638.0
"2020-2024","0049",역행성 담(췌)관 내시경 수술,남,수술,"70_74세",3460.8,1.9,1362582.0
"2020-2024","0049",역행성 담(췌)관 내시경 수술,여,수술,"75_79세",2729.2,1.8,1319950.0
"2020-2024","0049",역행성 담(췌)관 내시경 수술,남,수술,"75_79세",3390.8,1.9,1354685.0
"2020-2024","0049",역행성 담(췌)관 내시경 수술,여,수술,"80세 이상",6233.2,1.9,1354950.0
"2020-2024","0049",역행성 담(췌)관 내시경 수술,남,수술,"80세 이상",4785.8,1.9,1381251.0
"2020-2024","0051",요소호흡검사,여,통원,"10_14세",124.6,1.1,22661.0
"2020-2024","0051",요소호흡검사,남,통원,"10_14세",138.2,1.1,23063.0
"2020-2024","0051",요소호흡검사,여,통원,"15_19세",246.8,1.1,23135.0
"2020-2024","0051",요소호흡검사,남,통원,"15_19세",237.2,1.1,23249.0
"2020-2024","0051",요소호흡검사,여,통원,"1_4세",4.4,1.2,26635.0
"2020-2024","0051",요소호흡검사,남,통원,"1_4세",5.2,1.3,29218.0
"2020-2024","0051",요소호흡검사,여,통원,"20_24세",940.0,1.1,22854.0
"2020-2024","0051",요소호흡검사,남,통원,"20_24세",705.0,1.1,23111.0
"2020-2024","0051",요소호흡검사,여,통원,"25_29세",2439.2,1.1,23667.0
"2020-2024","0051",요소호흡검사,남,통원,"25_29세",2180.2,1.1,23485.0
"2020-2024","0051",요소호흡검사,여,통원,"30_34세",3923.2,1.1,24113.0
"2020-2024","0051",요소호흡검사,남,통원,"30_34세",4456.0,1.1,23994.0
"2020-2024","0051",요소호흡검사,여,통원,"35_39세",6905.6,1.2,23914.0
"2020-2024","0051",요소호흡검사,남,통원,"35_39세",8101.4,1.1,23639.0
"2020-2024","0051",요소호흡검사,여,통원,"40_44세",18055.6,1.2,24306.0
"2020-2024","0051",요소호흡검사,남,통원,"40_44세",19659.6,1.1,23758.0
"2020-2024","0051",요소호흡검사,여,통원,"45_49세",18208.8,1.1,24043.0
"2020-2024","0051",요소호흡검사,남,통원,"45_49세",17853.6,1.1,23494.0
"2020-2024","0051",요소호흡검사,여,통원,"50_54세",25827.4,1.1,24083.0
"2020-2024","0051",요소호흡검사,남,통원,"50_54세",22279.6,1.1,23489.0
"2020-2024","0051",요소호흡검사,여,통원,"55_59세",24850.0,1.2,24342.0
"2020-2024","0051",요소호흡검사,남,통원,"55_59세",20917.2,1.1,23636.0
"2020-2024","0051",요소호흡검사,여,통원,"5_9세",68.4,1.2,23873.0
"2020-2024","0051",요소호흡검사,남,통원,"5_9세",72.6,1.1,22655.0
"2020-2024","0051",요소호흡검사,여,통원,"60_64세",27740.6,1.2,24542.0
"2020-2024","0051",요소호흡검사,남,통원,"60_64세",23437.2,1.1,23927.0
"2020-2024","0051",요소호흡검사,여,통원,"65_69세",17291.4,1.2,24976.0
"2020-2024","0051",요소호흡검사,남,통원,"65_69세",15262.6,1.1,24426.0
"2020-2024","0051",요소호흡검사,여,통원,"70_74세",9617.4,1.2,24776.0
"2020-2024","0051",요소호흡검사,남,통원,"70_74세",8824.2,1.2,24335.0
"2020-2024","0051",요소호흡검사,여,통원,"75_79세",3953.2,1.2,24665.0
"2020-2024","0051",요소호흡검사,남,통원,"75_79세",3877.0,1.2,24472.0
"2020-2024","0051",요소호흡검사,여,통원,"80세 이상",1544.4,1.1,24408.0
"2020-2024","0051",요소호흡검사,남,통원,"80세 이상",1649.0,1.2,24396.0
"2020-2024","0053",위절제술,여,수술,"10_14세",2.0,1.2,1638888.0
"2020-2024","0053",위절제술,남,수술,"10_14세",1.0,1.0,1339676.0
"2020-2024","0053",위절제술,여,수술,"15_19세",2.5,1.1,1540836.0
"2020-2024","0053",위절제술,남,수술,"15_19세",3.0,1.1,1964849.0
"2020-2024","0053",위절제술,여,수술,"1_4세",3.4,1.0,2341373.0
"2020-2024","0053",위절제술,남,수술,"1_4세",2.8,1.0,2695462.0
"2020-2024","0053",위절제술,여,수술,"20_24세",10.4,1.0,1661587.0
"2020-2024","0053",위절제술,남,수술,"20_24세",9.4,1.2,1851425.0
"2020-2024","0053",위절제술,여,수술,"25_29세",28.6,1.1,1975192.0
"2020-2024","0053",위절제술,남,수술,"25_29세",25.8,1.2,2017915.0
"2020-2024","0053",위절제술,여,수술,"30_34세",55.6,1.1,2109836.0
"2020-2024","0053",위절제술,남,수술,"30_34세",48.8,1.1,1979105.0
"2020-2024","0053",위절제술,여,수술,"35_39세",122.6,1.1,2258473.0
"2020-2024","0053",위절제술,남,수술,"35_39세",108.8,1.1,2124269.0
"2020-2024","0053",위절제술,여,수술,"40_44세",305.2,1.1,2295881.0
"2020-2024","0053",위절제술,남,수술,"40_44세",297.2,1.1,2294396.0
"2020-2024","0053",위절제술,여,수술,"45_49세",346.2,1.1,2299822.0
"2020-2024","0053",위절제술,남,수술,"45_49세",445.6,1.1,2329126.0
"2020-2024","0053",위절제술,여,수술,"50_54세",517.2,1.1,2288668.0
"2020-2024","0053",위절제술,남,수술,"50_54세",846.0,1.1,2382442.0
"2020-2024","0053",위절제술,여,수술,"55_59세",605.6,1.1,2263009.0
"2020-2024","0053",위절제술,남,수술,"55_59세",1239.0,1.1,2396699.0
"2020-2024","0053",위절제술,여,수술,"5_9세",2.0,1.0,2533571.0
"2020-2024","0053",위절제술,남,수술,"5_9세",1.0,1.0,2288124.0
"2020-2024","0053",위절제술,여,수술,"60_64세",803.4,1.1,2257815.0
"2020-2024","0053",위절제술,남,수술,"60_64세",1855.0,1.1,2428960.0
"2020-2024","0053",위절제술,여,수술,"65_69세",697.0,1.1,2276238.0
"2020-2024","0053",위절제술,남,수술,"65_69세",1691.6,1.1,2428584.0
"2020-2024","0053",위절제술,여,수술,"70_74세",681.4,1.1,2302615.0
"2020-2024","0053",위절제술,남,수술,"70_74세",1508.8,1.1,2455338.0
"2020-2024","0053",위절제술,여,수술,"75_79세",599.4,1.2,2322084.0
"2020-2024","0053",위절제술,남,수술,"75_79세",1093.4,1.2,2440154.0
"2020-2024","0053",위절제술,여,수술,"80세 이상",648.4,1.2,2363068.0
"2020-2024","0053",위절제술,남,수술,"80세 이상",868.8,1.2,2455953.0
"2020-2024","0054",유도 초음파,여,통원,"10_14세",223.6,1.2,91962.0
"2020-2024","0054",유도 초음파,남,통원,"10_14세",188.0,1.2,90250.0
"2020-2024","0054",유도 초음파,여,통원,"15_19세",1042.4,1.1,94286.0
"2020-2024","0054",유도 초음파,남,통원,"15_19세",355.6,1.2,88299.0
"2020-2024","0054",유도 초음파,여,통원,"1_4세",106.4,1.3,129696.0
"2020-2024","0054",유도 초음파,남,통원,"1_4세",133.0,1.3,128869.0
"2020-2024","0054",유도 초음파,여,통원,"20_24세",4521.8,1.1,95562.0
"2020-2024","0054",유도 초음파,남,통원,"20_24세",615.0,1.2,92978.0
"2020-2024","0054",유도 초음파,여,통원,"25_29세",10721.6,1.1,98074.0
"2020-2024","0054",유도 초음파,남,통원,"25_29세",1321.6,1.2,96159.0
"2020-2024","0054",유도 초음파,여,통원,"30_34세",17343.8,1.1,99731.0
"2020-2024","0054",유도 초음파,남,통원,"30_34세",2069.0,1.2,96473.0
"2020-2024","0054",유도 초음파,여,통원,"35_39세",23971.0,1.2,101066.0
"2020-2024","0054",유도 초음파,남,통원,"35_39세",2814.0,1.2,96007.0
"2020-2024","0054",유도 초음파,여,통원,"40_44세",37870.0,1.2,102328.0
"2020-2024","0054",유도 초음파,남,통원,"40_44세",4048.8,1.2,96272.0
"2020-2024","0054",유도 초음파,여,통원,"45_49세",39418.0,1.2,103019.0
"2020-2024","0054",유도 초음파,남,통원,"45_49세",4808.0,1.3,95438.0
"2020-2024","0054",유도 초음파,여,통원,"50_54세",35621.8,1.2,101997.0
"2020-2024","0054",유도 초음파,남,통원,"50_54세",7043.0,1.3,95946.0
"2020-2024","0054",유도 초음파,여,통원,"55_59세",25891.4,1.2,101217.0
"2020-2024","0054",유도 초음파,남,통원,"55_59세",9867.6,1.3,95769.0
"2020-2024","0054",유도 초음파,여,통원,"5_9세",66.2,1.2,94194.0
"2020-2024","0054",유도 초음파,남,통원,"5_9세",89.8,1.3,96186.0
"2020-2024","0054",유도 초음파,여,통원,"60_64세",24698.4,1.2,100844.0
"2020-2024","0054",유도 초음파,남,통원,"60_64세",14560.0,1.3,95392.0
"2020-2024","0054",유도 초음파,여,통원,"65_69세",17285.8,1.3,99582.0
"2020-2024","0054",유도 초음파,남,통원,"65_69세",15462.4,1.3,94387.0
"2020-2024","0054",유도 초음파,여,통원,"70_74세",11403.0,1.3,97655.0
"2020-2024","0054",유도 초음파,남,통원,"70_74세",14217.8,1.3,93015.0
"2020-2024","0054",유도 초음파,여,통원,"75_79세",7984.6,1.4,92169.0
"2020-2024","0054",유도 초음파,남,통원,"75_79세",11765.8,1.3,89813.0
"2020-2024","0054",유도 초음파,여,통원,"80세 이상",10079.2,1.5,81728.0
"2020-2024","0054",유도 초음파,남,통원,"80세 이상",11904.8,1.4,83460.0
"2020-2024","0059",인공관절 치환술_고관절,여,입원,"10_14세",1.5,1.0,1041751.0
"2020-2024","0059",인공관절 치환술_고관절,남,입원,"10_14세",1.0,1.5,1016018.0
"2020-2024","0059",인공관절 치환술_고관절,여,입원,"15_19세",7.8,1.3,1277362.0
"2020-2024","0059",인공관절 치환술_고관절,남,입원,"15_19세",6.0,1.2,1199435.0
"2020-2024","0059",인공관절 치환술_고관절,여,입원,"20_24세",19.4,1.3,1187820.0
"2020-2024","0059",인공관절 치환술_고관절,남,입원,"20_24세",32.0,1.3,1105463.0
"2020-2024","0059",인공관절 치환술_고관절,여,입원,"25_29세",45.2,1.3,1126877.0
"2020-2024","0059",인공관절 치환술_고관절,남,입원,"25_29세",91.4,1.3,1090938.0
"2020-2024","0059",인공관절 치환술_고관절,여,입원,"30_34세",76.2,1.3,1111511.0
"2020-2024","0059",인공관절 치환술_고관절,남,입원,"30_34세",151.0,1.3,1031832.0
"2020-2024","0059",인공관절 치환술_고관절,여,입원,"35_39세",139.4,1.3,1054266.0
"2020-2024","0059",인공관절 치환술_고관절,남,입원,"35_39세",241.8,1.3,1019829.0
"2020-2024","0059",인공관절 치환술_고관절,여,입원,"40_44세",202.0,1.3,1028991.0
"2020-2024","0059",인공관절 치환술_고관절,남,입원,"40_44세",417.4,1.3,1005912.0
"2020-2024","0059",인공관절 치환술_고관절,여,입원,"45_49세",265.2,1.2,985642.0
"2020-2024","0059",인공관절 치환술_고관절,남,입원,"45_49세",564.2,1.3,969854.0
"2020-2024","0059",인공관절 치환술_고관절,여,입원,"50_54세",480.2,1.2,961578.0
"2020-2024","0059",인공관절 치환술_고관절,남,입원,"50_54세",777.4,1.2,954822.0
"2020-2024","0059",인공관절 치환술_고관절,여,입원,"55_59세",731.4,1.2,934286.0
"2020-2024","0059",인공관절 치환술_고관절,남,입원,"55_59세",960.0,1.2,958565.0
"2020-2024","0059",인공관절 치환술_고관절,여,입원,"60_64세",1206.2,1.2,912033.0
"2020-2024","0059",인공관절 치환술_고관절,남,입원,"60_64세",1207.4,1.2,942793.0
"2020-2024","0059",인공관절 치환술_고관절,여,입원,"65_69세",1566.8,1.2,893592.0
"2020-2024","0059",인공관절 치환술_고관절,남,입원,"65_69세",1148.6,1.2,930192.0
"2020-2024","0059",인공관절 치환술_고관절,여,입원,"70_74세",1857.2,1.2,863027.0
"2020-2024","0059",인공관절 치환술_고관절,남,입원,"70_74세",1089.0,1.2,887389.0
"2020-2024","0059",인공관절 치환술_고관절,여,입원,"75_79세",2723.6,1.3,817502.0
"2020-2024","0059",인공관절 치환술_고관절,남,입원,"75_79세",1115.8,1.3,840989.0
"2020-2024","0059",인공관절 치환술_고관절,여,입원,"80세 이상",8013.0,1.3,764178.0
"2020-2024","0059",인공관절 치환술_고관절,남,입원,"80세 이상",2378.6,1.3,776003.0
"2020-2024","0060",인공관절 치환술_견관절,여,입원,"10_14세",1.5,2.3,612717.0
"2020-2024","0060",인공관절 치환술_견관절,남,입원,"10_14세",1.0,1.0,0.0
"2020-2024","0060",인공관절 치환술_견관절,남,입원,"15_19세",1.0,2.0,534539.0
"2020-2024","0060",인공관절 치환술_견관절,여,입원,"20_24세",1.3,1.5,709789.0
"2020-2024","0060",인공관절 치환술_견관절,남,입원,"20_24세",3.0,1.7,823828.0
"2020-2024","0060",인공관절 치환술_견관절,여,입원,"25_29세",1.4,1.6,940154.0
"2020-2024","0060",인공관절 치환술_견관절,남,입원,"25_29세",1.7,1.4,627749.0
"2020-2024","0060",인공관절 치환술_견관절,여,입원,"30_34세",2.0,1.0,970990.0
"2020-2024","0060",인공관절 치환술_견관절,남,입원,"30_34세",1.5,1.7,1089544.0
"2020-2024","0060",인공관절 치환술_견관절,여,입원,"35_39세",2.0,1.3,974751.0
"2020-2024","0060",인공관절 치환술_견관절,남,입원,"35_39세",3.0,1.1,893280.0
"2020-2024","0060",인공관절 치환술_견관절,여,입원,"40_44세",5.4,1.2,854651.0
"2020-2024","0060",인공관절 치환술_견관절,남,입원,"40_44세",6.2,1.1,885901.0
"2020-2024","0060",인공관절 치환술_견관절,여,입원,"45_49세",5.6,1.2,1013248.0
"2020-2024","0060",인공관절 치환술_견관절,남,입원,"45_49세",8.6,1.3,878660.0
"2020-2024","0060",인공관절 치환술_견관절,여,입원,"50_54세",16.6,1.1,867812.0
"2020-2024","0060",인공관절 치환술_견관절,남,입원,"50_54세",16.0,1.2,851404.0
"2020-2024","0060",인공관절 치환술_견관절,여,입원,"55_59세",37.6,1.1,888174.0
"2020-2024","0060",인공관절 치환술_견관절,남,입원,"55_59세",34.6,1.2,886097.0
"2020-2024","0060",인공관절 치환술_견관절,여,입원,"5_9세",1.0,1.0,500975.0
"2020-2024","0060",인공관절 치환술_견관절,남,입원,"5_9세",2.0,2.5,758801.0
"2020-2024","0060",인공관절 치환술_견관절,여,입원,"60_64세",138.6,1.1,871572.0
"2020-2024","0060",인공관절 치환술_견관절,남,입원,"60_64세",106.0,1.1,866314.0
"2020-2024","0060",인공관절 치환술_견관절,여,입원,"65_69세",554.4,1.1,850355.0
"2020-2024","0060",인공관절 치환술_견관절,남,입원,"65_69세",352.6,1.1,869586.0
"2020-2024","0060",인공관절 치환술_견관절,여,입원,"70_74세",947.0,1.1,846788.0
"2020-2024","0060",인공관절 치환술_견관절,남,입원,"70_74세",427.6,1.1,867453.0
"2020-2024","0060",인공관절 치환술_견관절,여,입원,"75_79세",1152.4,1.1,855522.0
"2020-2024","0060",인공관절 치환술_견관절,남,입원,"75_79세",323.6,1.1,880331.0
"2020-2024","0060",인공관절 치환술_견관절,여,입원,"80세 이상",1117.4,1.2,879605.0
"2020-2024","0060",인공관절 치환술_견관절,남,입원,"80세 이상",191.2,1.2,880702.0
"2020-2024","0061",인공관절 치환술_슬관절,여,입원,"10_14세",4.2,1.5,567281.0
"2020-2024","0061",인공관절 치환술_슬관절,남,입원,"10_14세",2.5,2.4,514823.0
"2020-2024","0061",인공관절 치환술_슬관절,여,입원,"15_19세",2.8,1.3,738473.0
"2020-2024","0061",인공관절 치환술_슬관절,남,입원,"15_19세",8.2,1.9,778297.0
"2020-2024","0061",인공관절 치환술_슬관절,여,입원,"20_24세",4.0,2.2,1017406.0
"2020-2024","0061",인공관절 치환술_슬관절,남,입원,"20_24세",5.2,1.8,863344.0
"2020-2024","0061",인공관절 치환술_슬관절,여,입원,"25_29세",3.2,2.1,1153118.0
"2020-2024","0061",인공관절 치환술_슬관절,남,입원,"25_29세",5.6,1.7,1015689.0
"2020-2024","0061",인공관절 치환술_슬관절,여,입원,"30_34세",3.8,1.7,1079415.0
"2020-2024","0061",인공관절 치환술_슬관절,남,입원,"30_34세",7.2,1.7,1025579.0
"2020-2024","0061",인공관절 치환술_슬관절,여,입원,"35_39세",4.8,1.5,878810.0
"2020-2024","0061",인공관절 치환술_슬관절,남,입원,"35_39세",8.0,1.8,1036916.0
"2020-2024","0061",인공관절 치환술_슬관절,여,입원,"40_44세",14.4,1.3,931800.0
"2020-2024","0061",인공관절 치환술_슬관절,남,입원,"40_44세",18.0,1.3,913036.0
"2020-2024","0061",인공관절 치환술_슬관절,여,입원,"45_49세",55.2,1.4,906623.0
"2020-2024","0061",인공관절 치환술_슬관절,남,입원,"45_49세",43.8,1.3,876359.0
"2020-2024","0061",인공관절 치환술_슬관절,여,입원,"50_54세",403.8,1.4,892558.0
"2020-2024","0061",인공관절 치환술_슬관절,남,입원,"50_54세",166.4,1.3,856877.0
"2020-2024","0061",인공관절 치환술_슬관절,여,입원,"55_59세",1801.6,1.4,935066.0
"2020-2024","0061",인공관절 치환술_슬관절,남,입원,"55_59세",611.2,1.3,870291.0
"2020-2024","0061",인공관절 치환술_슬관절,여,입원,"5_9세",1.0,2.0,471000.0
"2020-2024","0061",인공관절 치환술_슬관절,남,입원,"5_9세",1.0,1.5,789522.0
"2020-2024","0061",인공관절 치환술_슬관절,여,입원,"60_64세",6719.6,1.5,993703.0
"2020-2024","0061",인공관절 치환술_슬관절,남,입원,"60_64세",2019.0,1.4,925033.0
"2020-2024","0061",인공관절 치환술_슬관절,여,입원,"65_69세",13570.8,1.6,1050725.0
"2020-2024","0061",인공관절 치환술_슬관절,남,입원,"65_69세",3509.4,1.4,964777.0
"2020-2024","0061",인공관절 치환술_슬관절,여,입원,"70_74세",15992.4,1.6,1077619.0
"2020-2024","0061",인공관절 치환술_슬관절,남,입원,"70_74세",3692.6,1.4,959010.0
"2020-2024","0061",인공관절 치환술_슬관절,여,입원,"75_79세",13382.6,1.6,1088782.0
"2020-2024","0061",인공관절 치환술_슬관절,남,입원,"75_79세",3003.6,1.4,962376.0
"2020-2024","0061",인공관절 치환술_슬관절,여,입원,"80세 이상",7301.4,1.5,1068130.0
"2020-2024","0061",인공관절 치환술_슬관절,남,입원,"80세 이상",1703.2,1.4,950361.0
"2020-2024","0062",인공관절 치환술_주관절,남,입원,"15_19세",2.0,1.0,538574.0
"2020-2024","0062",인공관절 치환술_주관절,여,입원,"20_24세",2.0,1.0,510321.0
"2020-2024","0062",인공관절 치환술_주관절,남,입원,"20_24세",2.8,1.2,494202.0
"2020-2024","0062",인공관절 치환술_주관절,여,입원,"25_29세",1.5,1.5,580265.0
"2020-2024","0062",인공관절 치환술_주관절,남,입원,"25_29세",7.2,1.1,578535.0
"2020-2024","0062",인공관절 치환술_주관절,여,입원,"30_34세",2.6,1.2,548935.0
"2020-2024","0062",인공관절 치환술_주관절,남,입원,"30_34세",6.2,1.2,511998.0
"2020-2024","0062",인공관절 치환술_주관절,여,입원,"35_39세",2.8,1.1,555964.0
"2020-2024","0062",인공관절 치환술_주관절,남,입원,"35_39세",9.0,1.2,531573.0
"2020-2024","0062",인공관절 치환술_주관절,여,입원,"40_44세",4.8,1.0,541635.0
"2020-2024","0062",인공관절 치환술_주관절,남,입원,"40_44세",13.6,1.1,526744.0
"2020-2024","0062",인공관절 치환술_주관절,여,입원,"45_49세",8.4,1.1,554360.0
"2020-2024","0062",인공관절 치환술_주관절,남,입원,"45_49세",13.0,1.1,538241.0
"2020-2024","0062",인공관절 치환술_주관절,여,입원,"50_54세",12.4,1.2,576016.0
"2020-2024","0062",인공관절 치환술_주관절,남,입원,"50_54세",16.8,1.2,556423.0
"2020-2024","0062",인공관절 치환술_주관절,여,입원,"55_59세",23.8,1.2,598968.0
"2020-2024","0062",인공관절 치환술_주관절,남,입원,"55_59세",13.6,1.1,575459.0
"2020-2024","0062",인공관절 치환술_주관절,여,입원,"60_64세",35.4,1.2,599116.0
"2020-2024","0062",인공관절 치환술_주관절,남,입원,"60_64세",13.6,1.1,617842.0
"2020-2024","0062",인공관절 치환술_주관절,여,입원,"65_69세",46.2,1.1,647360.0
"2020-2024","0062",인공관절 치환술_주관절,남,입원,"65_69세",11.2,1.2,701383.0
"2020-2024","0062",인공관절 치환술_주관절,여,입원,"70_74세",50.6,1.1,639631.0
"2020-2024","0062",인공관절 치환술_주관절,남,입원,"70_74세",9.8,1.2,675415.0
"2020-2024","0062",인공관절 치환술_주관절,여,입원,"75_79세",46.0,1.1,615621.0
"2020-2024","0062",인공관절 치환술_주관절,남,입원,"75_79세",7.4,1.2,630919.0
"2020-2024","0062",인공관절 치환술_주관절,여,입원,"80세 이상",53.2,1.2,647094.0
"2020-2024","0062",인공관절 치환술_주관절,남,입원,"80세 이상",5.0,1.1,693138.0
"2020-2024","0063",인공관절 치환술_완관절,남,입원,"15_19세",1.0,1.0,531024.0
"2020-2024","0063",인공관절 치환술_완관절,남,입원,"35_39세",1.0,1.0,483300.0
"2020-2024","0063",인공관절 치환술_완관절,여,입원,"50_54세",1.0,1.0,557863.0
"2020-2024","0063",인공관절 치환술_완관절,여,입원,"55_59세",1.8,1.0,554423.0
"2020-2024","0063",인공관절 치환술_완관절,남,입원,"55_59세",1.0,1.0,474972.0
"2020-2024","0063",인공관절 치환술_완관절,여,입원,"60_64세",2.6,1.1,583252.0
"2020-2024","0063",인공관절 치환술_완관절,남,입원,"60_64세",1.0,1.0,540161.0
"2020-2024","0063",인공관절 치환술_완관절,여,입원,"65_69세",2.3,1.0,560887.0
"2020-2024","0063",인공관절 치환술_완관절,여,입원,"70_74세",1.0,1.0,523575.0
"2020-2024","0063",인공관절 치환술_완관절,남,입원,"70_74세",1.0,1.0,618211.0
"2020-2024","0063",인공관절 치환술_완관절,여,입원,"75_79세",1.0,1.0,623584.0
"2020-2024","0063",인공관절 치환술_완관절,남,입원,"75_79세",1.0,1.0,516126.0
"2020-2024","0063",인공관절 치환술_완관절,여,입원,"80세 이상",1.5,1.3,619117.0
"2020-2024","0064",인공관절 치환술_족관절,남,입원,"20_24세",1.0,1.0,540605.0
"2020-2024","0064",인공관절 치환술_족관절,여,입원,"25_29세",1.0,1.0,653798.0
"2020-2024","0064",인공관절 치환술_족관절,남,입원,"25_29세",1.0,1.0,619806.0
"2020-2024","0064",인공관절 치환술_족관절,여,입원,"30_34세",1.0,1.0,768010.0
"2020-2024","0064",인공관절 치환술_족관절,남,입원,"30_34세",1.0,0.5,324839.0
"2020-2024","0064",인공관절 치환술_족관절,여,입원,"35_39세",1.0,1.0,665860.0
"2020-2024","0064",인공관절 치환술_족관절,남,입원,"35_39세",1.5,1.3,607971.0
"2020-2024","0064",인공관절 치환술_족관절,여,입원,"40_44세",2.0,1.0,714187.0
"2020-2024","0064",인공관절 치환술_족관절,남,입원,"40_44세",2.0,1.1,796675.0
"2020-2024","0064",인공관절 치환술_족관절,여,입원,"45_49세",3.0,1.0,702432.0
"2020-2024","0064",인공관절 치환술_족관절,남,입원,"45_49세",5.5,1.2,666440.0
"2020-2024","0064",인공관절 치환술_족관절,여,입원,"50_54세",13.4,1.1,733771.0
"2020-2024","0064",인공관절 치환술_족관절,남,입원,"50_54세",11.0,1.1,729835.0
"2020-2024","0064",인공관절 치환술_족관절,여,입원,"55_59세",31.0,1.1,729059.0
"2020-2024","0064",인공관절 치환술_족관절,남,입원,"55_59세",37.6,1.1,721923.0
"2020-2024","0064",인공관절 치환술_족관절,여,입원,"60_64세",70.4,1.1,740905.0
"2020-2024","0064",인공관절 치환술_족관절,남,입원,"60_64세",82.6,1.1,763912.0
"2020-2024","0064",인공관절 치환술_족관절,여,입원,"65_69세",120.4,1.1,746112.0
"2020-2024","0064",인공관절 치환술_족관절,남,입원,"65_69세",113.4,1.1,739857.0
"2020-2024","0064",인공관절 치환술_족관절,여,입원,"70_74세",122.2,1.1,755478.0
"2020-2024","0064",인공관절 치환술_족관절,남,입원,"70_74세",108.0,1.1,758033.0
"2020-2024","0064",인공관절 치환술_족관절,여,입원,"75_79세",79.4,1.1,746380.0
"2020-2024","0064",인공관절 치환술_족관절,남,입원,"75_79세",79.0,1.1,752280.0
"2020-2024","0064",인공관절 치환술_족관절,여,입원,"80세 이상",32.4,1.1,703041.0
"2020-2024","0064",인공관절 치환술_족관절,남,입원,"80세 이상",35.8,1.1,749302.0
"2020-2024","0065",인공관절 치환술_지관절,남,입원,"15_19세",1.0,1.0,196500.0
"2020-2024","0065",인공관절 치환술_지관절,여,입원,"20_24세",1.0,1.0,217824.0
"2020-2024","0065",인공관절 치환술_지관절,남,입원,"20_24세",1.0,1.0,263325.0
"2020-2024","0065",인공관절 치환술_지관절,여,입원,"25_29세",1.0,1.0,220968.0
"2020-2024","0065",인공관절 치환술_지관절,남,입원,"25_29세",1.0,1.0,271123.0
"2020-2024","0065",인공관절 치환술_지관절,남,입원,"30_34세",1.0,1.0,224112.0
"2020-2024","0065",인공관절 치환술_지관절,여,입원,"35_39세",1.0,3.0,230175.0
"2020-2024","0065",인공관절 치환술_지관절,남,입원,"35_39세",1.5,1.1,245674.0
"2020-2024","0065",인공관절 치환술_지관절,여,입원,"40_44세",1.7,2.4,433945.0
"2020-2024","0065",인공관절 치환술_지관절,남,입원,"40_44세",2.0,1.3,225264.0
"2020-2024","0065",인공관절 치환술_지관절,여,입원,"45_49세",1.3,1.6,276933.0
"2020-2024","0065",인공관절 치환술_지관절,남,입원,"45_49세",3.0,1.1,235368.0
"2020-2024","0065",인공관절 치환술_지관절,여,입원,"50_54세",2.3,1.1,250284.0
"2020-2024","0065",인공관절 치환술_지관절,남,입원,"50_54세",3.8,1.1,221858.0
"2020-2024","0065",인공관절 치환술_지관절,여,입원,"55_59세",6.2,1.2,271799.0
"2020-2024","0065",인공관절 치환술_지관절,남,입원,"55_59세",3.4,1.1,240040.0
"2020-2024","0065",인공관절 치환술_지관절,남,입원,"5_9세",1.0,1.0,186368.0
"2020-2024","0065",인공관절 치환술_지관절,여,입원,"60_64세",7.0,1.3,254795.0
"2020-2024","0065",인공관절 치환술_지관절,남,입원,"60_64세",4.2,1.2,258917.0
"2020-2024","0065",인공관절 치환술_지관절,여,입원,"65_69세",6.4,1.6,295654.0
"2020-2024","0065",인공관절 치환술_지관절,남,입원,"65_69세",3.2,1.3,230516.0
"2020-2024","0065",인공관절 치환술_지관절,여,입원,"70_74세",3.2,1.2,243950.0
"2020-2024","0065",인공관절 치환술_지관절,남,입원,"70_74세",2.0,3.0,343067.0
"2020-2024","0065",인공관절 치환술_지관절,여,입원,"75_79세",1.5,1.0,252054.0
"2020-2024","0065",인공관절 치환술_지관절,남,입원,"75_79세",1.0,1.0,215328.0
"2020-2024","0065",인공관절 치환술_지관절,여,입원,"80세 이상",1.0,1.0,247101.0
"2020-2024","0065",인공관절 치환술_지관절,남,입원,"80세 이상",1.0,1.0,239382.0
"2020-2024","0068",화상 처치,여,통원,"10_14세",9118.0,4.5,186503.0
"2020-2024","0068",화상 처치,남,통원,"10_14세",8386.0,4.5,187768.0
"2020-2024","0068",화상 처치,여,통원,"15_19세",11798.0,3.7,150819.0
"2020-2024","0068",화상 처치,남,통원,"15_19세",8368.0,3.8,161338.0
"2020-2024","0068",화상 처치,여,통원,"1_4세",12636.8,4.6,219818.0
"2020-2024","0068",화상 처치,남,통원,"1_4세",16007.8,4.7,232689.0
"2020-2024","0068",화상 처치,여,통원,"20_24세",20715.6,3.5,141676.0
"2020-2024","0068",화상 처치,남,통원,"20_24세",12996.6,3.6,154518.0
"2020-2024","0068",화상 처치,여,통원,"25_29세",22389.4,3.6,146055.0
"2020-2024","0068",화상 처치,남,통원,"25_29세",15847.0,3.7,162531.0
"2020-2024","0068",화상 처치,여,통원,"30_34세",18971.6,3.7,151494.0
"2020-2024","0068",화상 처치,남,통원,"30_34세",13377.4,3.8,168561.0
"2020-2024","0068",화상 처치,여,통원,"35_39세",19360.0,3.9,157471.0
"2020-2024","0068",화상 처치,남,통원,"35_39세",12237.2,4.1,178599.0
"2020-2024","0068",화상 처치,여,통원,"40_44세",23798.2,4.0,161755.0
"2020-2024","0068",화상 처치,남,통원,"40_44세",12813.4,4.3,187186.0
"2020-2024","0068",화상 처치,여,통원,"45_49세",26096.4,4.1,164081.0
"2020-2024","0068",화상 처치,남,통원,"45_49세",11853.8,4.6,202400.0
"2020-2024","0068",화상 처치,여,통원,"50_54세",30262.2,4.2,165271.0
"2020-2024","0068",화상 처치,남,통원,"50_54세",12544.4,4.8,216037.0
"2020-2024","0068",화상 처치,여,통원,"55_59세",28743.4,4.3,170600.0
"2020-2024","0068",화상 처치,남,통원,"55_59세",11718.0,5.0,229724.0
"2020-2024","0068",화상 처치,여,통원,"5_9세",9652.6,4.5,191127.0
"2020-2024","0068",화상 처치,남,통원,"5_9세",9544.0,4.4,188789.0
"2020-2024","0068",화상 처치,여,통원,"60_64세",25954.6,4.5,176831.0
"2020-2024","0068",화상 처치,남,통원,"60_64세",10726.2,5.4,248664.0
"2020-2024","0068",화상 처치,여,통원,"65_69세",17486.0,4.6,183989.0
"2020-2024","0068",화상 처치,남,통원,"65_69세",7456.2,5.7,255603.0
"2020-2024","0068",화상 처치,여,통원,"70_74세",10322.4,5.1,204111.0
"2020-2024","0068",화상 처치,남,통원,"70_74세",4723.0,6.2,274332.0
"2020-2024","0068",화상 처치,여,통원,"75_79세",7049.4,5.7,231067.0
"2020-2024","0068",화상 처치,남,통원,"75_79세",3202.2,6.8,305909.0
"2020-2024","0068",화상 처치,여,통원,"80세 이상",8069.6,7.2,309754.0
"2020-2024","0068",화상 처치,남,통원,"80세 이상",3449.0,8.2,375187.0
"2020-2024","0071",자기공명영상진단(MRI),여,통원,"10_14세",9006.8,3.0,533272.0
"2020-2024","0071",자기공명영상진단(MRI),남,통원,"10_14세",11158.0,2.8,510307.0
"2020-2024","0071",자기공명영상진단(MRI),여,통원,"15_19세",10458.2,3.1,542013.0
"2020-2024","0071",자기공명영상진단(MRI),남,통원,"15_19세",13352.8,2.7,500303.0
"2020-2024","0071",자기공명영상진단(MRI),여,통원,"1_4세",5522.2,3.0,613399.0
"2020-2024","0071",자기공명영상진단(MRI),남,통원,"1_4세",6746.8,3.0,595363.0
"2020-2024","0071",자기공명영상진단(MRI),여,통원,"20_24세",13616.4,3.2,549936.0
"2020-2024","0071",자기공명영상진단(MRI),남,통원,"20_24세",15712.2,2.7,490568.0
"2020-2024","0071",자기공명영상진단(MRI),여,통원,"25_29세",20904.0,3.1,551626.0
"2020-2024","0071",자기공명영상진단(MRI),남,통원,"25_29세",18895.0,2.8,501838.0
"2020-2024","0071",자기공명영상진단(MRI),여,통원,"30_34세",26879.4,3.2,560997.0
"2020-2024","0071",자기공명영상진단(MRI),남,통원,"30_34세",21592.0,3.0,522598.0
"2020-2024","0071",자기공명영상진단(MRI),여,통원,"35_39세",36659.2,3.3,577073.0
"2020-2024","0071",자기공명영상진단(MRI),남,통원,"35_39세",27520.6,3.2,544674.0
"2020-2024","0071",자기공명영상진단(MRI),여,통원,"40_44세",54778.8,3.3,589956.0
"2020-2024","0071",자기공명영상진단(MRI),남,통원,"40_44세",36745.0,3.3,562956.0
"2020-2024","0071",자기공명영상진단(MRI),여,통원,"45_49세",71634.4,3.4,598736.0
"2020-2024","0071",자기공명영상진단(MRI),남,통원,"45_49세",44769.8,3.4,583331.0
"2020-2024","0071",자기공명영상진단(MRI),여,통원,"50_54세",95241.2,3.4,598807.0
"2020-2024","0071",자기공명영상진단(MRI),남,통원,"50_54세",62150.4,3.6,606308.0
"2020-2024","0071",자기공명영상진단(MRI),여,통원,"55_59세",107082.8,3.5,597342.0
"2020-2024","0071",자기공명영상진단(MRI),남,통원,"55_59세",80171.8,3.7,623800.0
"2020-2024","0071",자기공명영상진단(MRI),여,통원,"5_9세",11595.6,2.4,468980.0
"2020-2024","0071",자기공명영상진단(MRI),남,통원,"5_9세",8870.2,2.7,506778.0
"2020-2024","0071",자기공명영상진단(MRI),여,통원,"60_64세",133169.4,3.5,595425.0
"2020-2024","0071",자기공명영상진단(MRI),남,통원,"60_64세",107965.6,3.7,637694.0
"2020-2024","0071",자기공명영상진단(MRI),여,통원,"65_69세",124198.8,3.5,592639.0
"2020-2024","0071",자기공명영상진단(MRI),남,통원,"65_69세",108460.4,3.8,646980.0
"2020-2024","0071",자기공명영상진단(MRI),여,통원,"70_74세",108563.6,3.6,587510.0
"2020-2024","0071",자기공명영상진단(MRI),남,통원,"70_74세",101561.2,3.8,645584.0
"2020-2024","0071",자기공명영상진단(MRI),여,통원,"75_79세",103982.8,3.6,578278.0
"2020-2024","0071",자기공명영상진단(MRI),남,통원,"75_79세",91058.6,3.8,638188.0
"2020-2024","0071",자기공명영상진단(MRI),여,통원,"80세 이상",156932.2,3.5,549059.0
"2020-2024","0071",자기공명영상진단(MRI),남,통원,"80세 이상",98949.6,3.7,603573.0
"2020-2024","0072",잠복결핵감염 검사,여,통원,"10_14세",1365.0,1.3,49924.0
"2020-2024","0072",잠복결핵감염 검사,남,통원,"10_14세",1733.4,1.3,51358.0
"2020-2024","0072",잠복결핵감염 검사,여,통원,"15_19세",1869.6,1.2,55048.0
"2020-2024","0072",잠복결핵감염 검사,남,통원,"15_19세",2793.8,1.2,55689.0
"2020-2024","0072",잠복결핵감염 검사,여,통원,"1_4세",924.4,1.2,15351.0
"2020-2024","0072",잠복결핵감염 검사,남,통원,"1_4세",1068.6,1.2,16124.0
"2020-2024","0072",잠복결핵감염 검사,여,통원,"20_24세",5110.6,1.1,55017.0
"2020-2024","0072",잠복결핵감염 검사,남,통원,"20_24세",3667.8,1.1,56469.0
"2020-2024","0072",잠복결핵감염 검사,여,통원,"25_29세",6013.6,1.1,55250.0
"2020-2024","0072",잠복결핵감염 검사,남,통원,"25_29세",4981.0,1.1,56255.0
"2020-2024","0072",잠복결핵감염 검사,여,통원,"30_34세",5116.6,1.1,55120.0
"2020-2024","0072",잠복결핵감염 검사,남,통원,"30_34세",4539.0,1.1,56263.0
"2020-2024","0072",잠복결핵감염 검사,여,통원,"35_39세",5293.8,1.1,54717.0
"2020-2024","0072",잠복결핵감염 검사,남,통원,"35_39세",4246.6,1.1,55785.0
"2020-2024","0072",잠복결핵감염 검사,여,통원,"40_44세",6194.6,1.1,54913.0
"2020-2024","0072",잠복결핵감염 검사,남,통원,"40_44세",4560.2,1.1,56021.0
"2020-2024","0072",잠복결핵감염 검사,여,통원,"45_49세",6231.2,1.1,55196.0
"2020-2024","0072",잠복결핵감염 검사,남,통원,"45_49세",4581.6,1.1,56382.0
"2020-2024","0072",잠복결핵감염 검사,여,통원,"50_54세",6764.2,1.1,55559.0
"2020-2024","0072",잠복결핵감염 검사,남,통원,"50_54세",5042.4,1.1,56547.0
"2020-2024","0072",잠복결핵감염 검사,여,통원,"55_59세",6255.0,1.1,55929.0
"2020-2024","0072",잠복결핵감염 검사,남,통원,"55_59세",5319.8,1.1,56520.0
"2020-2024","0072",잠복결핵감염 검사,여,통원,"5_9세",927.6,1.3,40169.0
"2020-2024","0072",잠복결핵감염 검사,남,통원,"5_9세",1084.2,1.3,39085.0
"2020-2024","0072",잠복결핵감염 검사,여,통원,"60_64세",6317.0,1.1,56181.0
"2020-2024","0072",잠복결핵감염 검사,남,통원,"60_64세",6063.0,1.1,56416.0
"2020-2024","0072",잠복결핵감염 검사,여,통원,"65_69세",4742.0,1.1,56490.0
"2020-2024","0072",잠복결핵감염 검사,남,통원,"65_69세",5001.4,1.1,56310.0
"2020-2024","0072",잠복결핵감염 검사,여,통원,"70_74세",3415.4,1.1,56467.0
"2020-2024","0072",잠복결핵감염 검사,남,통원,"70_74세",3835.0,1.1,56243.0
"2020-2024","0072",잠복결핵감염 검사,여,통원,"75_79세",2875.6,1.1,56234.0
"2020-2024","0072",잠복결핵감염 검사,남,통원,"75_79세",3209.2,1.1,56190.0
"2020-2024","0072",잠복결핵감염 검사,여,통원,"80세 이상",4942.6,1.1,55887.0
"2020-2024","0072",잠복결핵감염 검사,남,통원,"80세 이상",4289.6,1.1,56104.0
"2020-2024","0073",장기이식_각막,여,입원,"10_14세",2.0,1.0,881279.0
"2020-2024","0073",장기이식_각막,남,입원,"10_14세",1.5,1.0,864075.0
"2020-2024","0073",장기이식_각막,여,입원,"15_19세",2.0,1.0,1004895.0
"2020-2024","0073",장기이식_각막,남,입원,"15_19세",1.8,1.0,847743.0
"2020-2024","0073",장기이식_각막,여,입원,"1_4세",1.0,1.0,1449049.0
"2020-2024","0073",장기이식_각막,남,입원,"1_4세",1.5,1.0,1577273.0
"2020-2024","0073",장기이식_각막,여,입원,"20_24세",6.6,1.0,904477.0
"2020-2024","0073",장기이식_각막,남,입원,"20_24세",7.6,1.1,916110.0
"2020-2024","0073",장기이식_각막,여,입원,"25_29세",5.6,1.0,912344.0
"2020-2024","0073",장기이식_각막,남,입원,"25_29세",11.6,1.1,938039.0
"2020-2024","0073",장기이식_각막,여,입원,"30_34세",4.4,1.0,919873.0
"2020-2024","0073",장기이식_각막,남,입원,"30_34세",10.6,1.1,928771.0
"2020-2024","0073",장기이식_각막,여,입원,"35_39세",9.6,1.1,1044293.0
"2020-2024","0073",장기이식_각막,남,입원,"35_39세",14.2,1.1,1032498.0
"2020-2024","0073",장기이식_각막,여,입원,"40_44세",15.2,1.1,1020954.0
"2020-2024","0073",장기이식_각막,남,입원,"40_44세",21.4,1.1,985965.0
"2020-2024","0073",장기이식_각막,여,입원,"45_49세",20.2,1.1,1019188.0
"2020-2024","0073",장기이식_각막,남,입원,"45_49세",28.0,1.0,936012.0
"2020-2024","0073",장기이식_각막,여,입원,"50_54세",28.0,1.1,988228.0
"2020-2024","0073",장기이식_각막,남,입원,"50_54세",41.8,1.0,970688.0
"2020-2024","0073",장기이식_각막,여,입원,"55_59세",34.2,1.1,993114.0
"2020-2024","0073",장기이식_각막,남,입원,"55_59세",70.0,1.0,966011.0
"2020-2024","0073",장기이식_각막,여,입원,"5_9세",1.0,1.0,868192.0
"2020-2024","0073",장기이식_각막,남,입원,"5_9세",1.7,1.0,1131822.0
"2020-2024","0073",장기이식_각막,여,입원,"60_64세",45.2,1.1,982128.0
"2020-2024","0073",장기이식_각막,남,입원,"60_64세",102.2,1.0,970622.0
"2020-2024","0073",장기이식_각막,여,입원,"65_69세",47.8,1.1,997426.0
"2020-2024","0073",장기이식_각막,남,입원,"65_69세",99.2,1.0,997351.0
"2020-2024","0073",장기이식_각막,여,입원,"70_74세",51.4,1.0,971918.0
"2020-2024","0073",장기이식_각막,남,입원,"70_74세",84.2,1.0,987245.0
"2020-2024","0073",장기이식_각막,여,입원,"75_79세",47.8,1.1,1002710.0
"2020-2024","0073",장기이식_각막,남,입원,"75_79세",72.8,1.0,966009.0
"2020-2024","0073",장기이식_각막,여,입원,"80세 이상",50.6,1.0,999381.0
"2020-2024","0073",장기이식_각막,남,입원,"80세 이상",54.6,1.1,987227.0
"2020-2024","0074",장기이식_간,여,입원,"10_14세",3.4,1.1,21064987
"2020-2024","0074",장기이식_간,남,입원,"10_14세",4.0,1.3,22153535
"2020-2024","0074",장기이식_간,여,입원,"15_19세",3.0,1.0,19872836
"2020-2024","0074",장기이식_간,남,입원,"15_19세",3.0,1.1,20765370
"2020-2024","0074",장기이식_간,여,입원,"1_4세",11.8,1.0,32289220
"2020-2024","0074",장기이식_간,남,입원,"1_4세",12.2,1.0,31953637
"2020-2024","0074",장기이식_간,여,입원,"20_24세",3.3,1.1,21422102
"2020-2024","0074",장기이식_간,남,입원,"20_24세",5.4,1.0,19862417
"2020-2024","0074",장기이식_간,여,입원,"25_29세",7.2,1.0,19999856
"2020-2024","0074",장기이식_간,남,입원,"25_29세",9.0,1.0,20625160
"2020-2024","0074",장기이식_간,여,입원,"30_34세",13.0,1.0,20451398
"2020-2024","0074",장기이식_간,남,입원,"30_34세",12.6,1.0,20092722
"2020-2024","0074",장기이식_간,여,입원,"35_39세",19.8,1.0,19771625
"2020-2024","0074",장기이식_간,남,입원,"35_39세",29.2,1.0,20026562
"2020-2024","0074",장기이식_간,여,입원,"40_44세",33.2,1.0,19900264
"2020-2024","0074",장기이식_간,남,입원,"40_44세",50.6,1.0,19753506
"2020-2024","0074",장기이식_간,여,입원,"45_49세",50.0,1.0,19917246
"2020-2024","0074",장기이식_간,남,입원,"45_49세",78.8,1.0,19805298
"2020-2024","0074",장기이식_간,여,입원,"50_54세",62.0,1.1,20466462
"2020-2024","0074",장기이식_간,남,입원,"50_54세",146.8,1.0,19724202
"2020-2024","0074",장기이식_간,여,입원,"55_59세",66.8,1.0,19702756
"2020-2024","0074",장기이식_간,남,입원,"55_59세",196.4,1.0,19841175
"2020-2024","0074",장기이식_간,여,입원,"5_9세",4.4,1.0,21098940
"2020-2024","0074",장기이식_간,남,입원,"5_9세",1.5,1.0,27075626
"2020-2024","0074",장기이식_간,여,입원,"60_64세",74.6,1.0,19836170
"2020-2024","0074",장기이식_간,남,입원,"60_64세",186.8,1.0,19910427
"2020-2024","0074",장기이식_간,여,입원,"65_69세",55.8,1.0,19730738
"2020-2024","0074",장기이식_간,남,입원,"65_69세",96.8,1.0,20117914
"2020-2024","0074",장기이식_간,여,입원,"70_74세",25.0,1.0,19815173
"2020-2024","0074",장기이식_간,남,입원,"70_74세",27.2,1.0,20191133
"2020-2024","0074",장기이식_간,여,입원,"75_79세",3.4,1.0,19994473
"2020-2024","0074",장기이식_간,남,입원,"75_79세",4.8,1.1,21087764
"2020-2024","0074",장기이식_간,여,입원,"80세 이상",1.0,1.0,19353854
"2020-2024","0074",장기이식_간,남,입원,"80세 이상",1.0,1.0,18295485
"2020-2024","0075",장기이식_공막,여,입원,"10_14세",1.0,1.0,511017.0
"2020-2024","0075",장기이식_공막,여,입원,"15_19세",1.0,1.0,337750.0
"2020-2024","0075",장기이식_공막,남,입원,"15_19세",1.3,1.5,407827.0
"2020-2024","0075",장기이식_공막,여,입원,"20_24세",1.0,1.0,363430.0
"2020-2024","0075",장기이식_공막,남,입원,"20_24세",1.5,1.3,457470.0
"2020-2024","0075",장기이식_공막,여,입원,"25_29세",1.0,4.0,1862913.0
"2020-2024","0075",장기이식_공막,남,입원,"25_29세",1.5,1.8,590207.0
"2020-2024","0075",장기이식_공막,여,입원,"30_34세",1.3,1.0,315211.0
"2020-2024","0075",장기이식_공막,남,입원,"30_34세",2.0,1.0,409814.0
"2020-2024","0075",장기이식_공막,여,입원,"35_39세",1.0,2.0,702520.0
"2020-2024","0075",장기이식_공막,남,입원,"35_39세",1.2,1.3,468907.0
"2020-2024","0075",장기이식_공막,여,입원,"40_44세",1.5,1.2,347247.0
"2020-2024","0075",장기이식_공막,남,입원,"40_44세",2.7,1.1,313336.0
"2020-2024","0075",장기이식_공막,여,입원,"45_49세",1.8,1.2,314616.0
"2020-2024","0075",장기이식_공막,남,입원,"45_49세",1.8,1.1,311224.0
"2020-2024","0075",장기이식_공막,여,입원,"50_54세",2.5,1.1,336403.0
"2020-2024","0075",장기이식_공막,남,입원,"50_54세",3.8,1.2,304202.0
"2020-2024","0075",장기이식_공막,여,입원,"55_59세",3.6,1.1,385431.0
"2020-2024","0075",장기이식_공막,남,입원,"55_59세",6.0,1.1,371353.0
"2020-2024","0075",장기이식_공막,여,입원,"5_9세",1.0,1.0,323505.0
"2020-2024","0075",장기이식_공막,남,입원,"5_9세",1.0,1.0,345527.0
"2020-2024","0075",장기이식_공막,여,입원,"60_64세",5.6,1.1,361651.0
"2020-2024","0075",장기이식_공막,남,입원,"60_64세",11.4,1.2,381904.0
"2020-2024","0075",장기이식_공막,여,입원,"65_69세",6.6,1.0,362122.0
"2020-2024","0075",장기이식_공막,남,입원,"65_69세",11.0,1.1,375310.0
"2020-2024","0075",장기이식_공막,여,입원,"70_74세",8.2,1.1,341746.0
"2020-2024","0075",장기이식_공막,남,입원,"70_74세",10.2,1.1,365447.0
"2020-2024","0075",장기이식_공막,여,입원,"75_79세",9.8,1.1,377729.0
"2020-2024","0075",장기이식_공막,남,입원,"75_79세",13.0,1.1,356846.0
"2020-2024","0075",장기이식_공막,여,입원,"80세 이상",9.2,1.1,354956.0
"2020-2024","0075",장기이식_공막,남,입원,"80세 이상",10.2,1.1,347905.0
"2020-2024","0076",장기이식_소장,남,입원,"55_59세",1.0,1.0,18348175
"2020-2024","0076",장기이식_소장,남,입원,"65_69세",1.0,1.0,18613050
"2020-2024","0077",장기이식_신장,여,입원,"10_14세",4.0,1.0,7014008.0
"2020-2024","0077",장기이식_신장,남,입원,"10_14세",5.2,1.0,5418808.0
"2020-2024","0077",장기이식_신장,여,입원,"15_19세",6.4,1.1,6110977.0
"2020-2024","0077",장기이식_신장,남,입원,"15_19세",11.4,1.0,6008806.0
"2020-2024","0077",장기이식_신장,여,입원,"1_4세",1.7,1.2,9468193.0
"2020-2024","0077",장기이식_신장,남,입원,"1_4세",3.3,1.0,9217247.0
"2020-2024","0077",장기이식_신장,여,입원,"20_24세",11.4,1.0,4683503.0
"2020-2024","0077",장기이식_신장,남,입원,"20_24세",16.4,1.0,4870193.0
"2020-2024","0077",장기이식_신장,여,입원,"25_29세",25.8,1.0,4854076.0
"2020-2024","0077",장기이식_신장,남,입원,"25_29세",30.4,1.0,4864154.0
"2020-2024","0077",장기이식_신장,여,입원,"30_34세",40.8,1.0,4914657.0
"2020-2024","0077",장기이식_신장,남,입원,"30_34세",41.4,1.0,4880018.0
"2020-2024","0077",장기이식_신장,여,입원,"35_39세",49.6,1.0,4848992.0
"2020-2024","0077",장기이식_신장,남,입원,"35_39세",63.4,1.0,5042177.0
"2020-2024","0077",장기이식_신장,여,입원,"40_44세",62.0,1.0,5309522.0
"2020-2024","0077",장기이식_신장,남,입원,"40_44세",98.6,1.0,5218785.0
"2020-2024","0077",장기이식_신장,여,입원,"45_49세",85.0,1.0,5181599.0
"2020-2024","0077",장기이식_신장,남,입원,"45_49세",125.0,1.0,5119960.0
"2020-2024","0077",장기이식_신장,여,입원,"50_54세",116.2,1.0,5348510.0
"2020-2024","0077",장기이식_신장,남,입원,"50_54세",170.6,1.0,5274043.0
"2020-2024","0077",장기이식_신장,여,입원,"55_59세",112.0,1.0,5399511.0
"2020-2024","0077",장기이식_신장,남,입원,"55_59세",196.2,1.0,5234037.0
"2020-2024","0077",장기이식_신장,여,입원,"5_9세",2.0,1.0,7008514.0
"2020-2024","0077",장기이식_신장,남,입원,"5_9세",2.8,1.0,5846160.0
"2020-2024","0077",장기이식_신장,여,입원,"60_64세",103.8,1.0,5371402.0
"2020-2024","0077",장기이식_신장,남,입원,"60_64세",190.4,1.0,5356606.0
"2020-2024","0077",장기이식_신장,여,입원,"65_69세",61.6,1.0,5591121.0
"2020-2024","0077",장기이식_신장,남,입원,"65_69세",103.0,1.0,5547853.0
"2020-2024","0077",장기이식_신장,여,입원,"70_74세",15.6,1.1,5492629.0
"2020-2024","0077",장기이식_신장,남,입원,"70_74세",30.8,1.0,5626697.0
"2020-2024","0077",장기이식_신장,여,입원,"75_79세",1.8,1.2,6809278.0
"2020-2024","0077",장기이식_신장,남,입원,"75_79세",7.6,1.0,5544243.0
"2020-2024","0077",장기이식_신장,남,입원,"80세 이상",1.0,1.0,6315136.0
"2020-2024","0078",장기이식_심장,여,입원,"10_14세",2.0,1.0,28808155
"2020-2024","0078",장기이식_심장,남,입원,"10_14세",2.0,1.0,29137135
"2020-2024","0078",장기이식_심장,여,입원,"15_19세",2.0,1.0,28341398
"2020-2024","0078",장기이식_심장,남,입원,"15_19세",3.6,1.0,28911246
"2020-2024","0078",장기이식_심장,여,입원,"1_4세",2.0,1.0,38999117
"2020-2024","0078",장기이식_심장,남,입원,"1_4세",1.8,1.0,38259301
"2020-2024","0078",장기이식_심장,여,입원,"20_24세",2.5,1.0,25325773
"2020-2024","0078",장기이식_심장,남,입원,"20_24세",2.7,1.0,30048137
"2020-2024","0078",장기이식_심장,여,입원,"25_29세",1.0,1.0,32000835
"2020-2024","0078",장기이식_심장,남,입원,"25_29세",2.0,1.1,31340271
"2020-2024","0078",장기이식_심장,여,입원,"30_34세",1.3,1.0,28154122
"2020-2024","0078",장기이식_심장,남,입원,"30_34세",3.0,1.0,30566127
"2020-2024","0078",장기이식_심장,여,입원,"35_39세",1.6,1.0,32518297
"2020-2024","0078",장기이식_심장,남,입원,"35_39세",2.2,1.1,33890258
"2020-2024","0078",장기이식_심장,여,입원,"40_44세",1.4,1.0,30727112
"2020-2024","0078",장기이식_심장,남,입원,"40_44세",5.6,1.0,30213505
"2020-2024","0078",장기이식_심장,여,입원,"45_49세",3.4,1.0,29739395
"2020-2024","0078",장기이식_심장,남,입원,"45_49세",9.2,1.0,30693761
"2020-2024","0078",장기이식_심장,여,입원,"50_54세",5.4,1.1,32401115
"2020-2024","0078",장기이식_심장,남,입원,"50_54세",15.6,1.0,30911756
"2020-2024","0078",장기이식_심장,여,입원,"55_59세",6.2,1.0,30432008
"2020-2024","0078",장기이식_심장,남,입원,"55_59세",16.2,1.0,31415029
"2020-2024","0078",장기이식_심장,여,입원,"5_9세",1.3,1.0,29972217
"2020-2024","0078",장기이식_심장,남,입원,"5_9세",1.5,1.0,33157542
"2020-2024","0078",장기이식_심장,여,입원,"60_64세",7.8,1.0,29630776
"2020-2024","0078",장기이식_심장,남,입원,"60_64세",27.6,1.0,29869820
"2020-2024","0078",장기이식_심장,여,입원,"65_69세",7.4,1.0,30510816
"2020-2024","0078",장기이식_심장,남,입원,"65_69세",19.4,1.0,30199288
"2020-2024","0078",장기이식_심장,여,입원,"70_74세",2.6,1.0,28844287
"2020-2024","0078",장기이식_심장,남,입원,"70_74세",7.2,1.0,30091672
"2020-2024","0078",장기이식_심장,여,입원,"75_79세",1.3,1.0,26976052
"2020-2024","0078",장기이식_심장,남,입원,"75_79세",1.3,1.0,29648664
"2020-2024","0079",장기이식_췌장,여,입원,"15_19세",1.0,2.0,47375094
"2020-2024","0079",장기이식_췌장,여,입원,"20_24세",1.0,1.0,23519009
"2020-2024","0079",장기이식_췌장,남,입원,"20_24세",1.0,1.0,20372625
"2020-2024","0079",장기이식_췌장,여,입원,"25_29세",3.0,1.0,23612641
"2020-2024","0079",장기이식_췌장,남,입원,"25_29세",1.0,1.0,23575188
"2020-2024","0079",장기이식_췌장,여,입원,"30_34세",2.0,1.0,22856095
"2020-2024","0079",장기이식_췌장,남,입원,"30_34세",1.3,1.0,21945817
"2020-2024","0079",장기이식_췌장,여,입원,"35_39세",2.4,1.1,25975744
"2020-2024","0079",장기이식_췌장,남,입원,"35_39세",1.3,1.0,22361578
"2020-2024","0079",장기이식_췌장,여,입원,"40_44세",2.4,1.0,23689846
"2020-2024","0079",장기이식_췌장,남,입원,"40_44세",2.3,1.0,23006177
"2020-2024","0079",장기이식_췌장,여,입원,"45_49세",1.3,1.0,22865909
"2020-2024","0079",장기이식_췌장,남,입원,"45_49세",2.5,1.0,23417744
"2020-2024","0079",장기이식_췌장,여,입원,"50_54세",1.3,1.0,22421425
"2020-2024","0079",장기이식_췌장,남,입원,"50_54세",1.5,1.0,22152313
"2020-2024","0079",장기이식_췌장,여,입원,"55_59세",1.0,1.0,24024624
"2020-2024","0079",장기이식_췌장,남,입원,"55_59세",1.3,1.0,23787140
"2020-2024","0079",장기이식_췌장,여,입원,"60_64세",1.0,1.0,24668971
"2020-2024","0079",장기이식_췌장,남,입원,"60_64세",2.0,1.0,23687547
"2020-2024","0079",장기이식_췌장,남,입원,"65_69세",1.0,1.0,24223810
"2020-2024","0079",장기이식_췌장,남,입원,"70_74세",1.0,1.0,20154518
"2020-2024","0080",장기이식_폐,여,입원,"10_14세",1.3,1.0,22527879
"2020-2024","0080",장기이식_폐,남,입원,"10_14세",1.4,1.1,34247521
"2020-2024","0080",장기이식_폐,여,입원,"15_19세",1.8,1.0,29286287
"2020-2024","0080",장기이식_폐,남,입원,"15_19세",2.0,1.0,27124216
"2020-2024","0080",장기이식_폐,여,입원,"1_4세",1.0,1.0,36733037
"2020-2024","0080",장기이식_폐,남,입원,"1_4세",1.3,1.0,40686152
"2020-2024","0080",장기이식_폐,여,입원,"20_24세",1.4,1.0,24340513
"2020-2024","0080",장기이식_폐,남,입원,"20_24세",2.3,1.0,28066591
"2020-2024","0080",장기이식_폐,여,입원,"25_29세",2.2,1.1,32636247
"2020-2024","0080",장기이식_폐,남,입원,"25_29세",1.7,1.2,34095937
"2020-2024","0080",장기이식_폐,여,입원,"30_34세",1.8,1.0,26482129
"2020-2024","0080",장기이식_폐,남,입원,"30_34세",1.8,1.0,25943166
"2020-2024","0080",장기이식_폐,여,입원,"35_39세",4.3,1.0,28311642
"2020-2024","0080",장기이식_폐,남,입원,"35_39세",2.8,1.0,26897019
"2020-2024","0080",장기이식_폐,여,입원,"40_44세",3.6,1.0,29282535
"2020-2024","0080",장기이식_폐,남,입원,"40_44세",3.6,1.0,29497722
"2020-2024","0080",장기이식_폐,여,입원,"45_49세",4.8,1.0,27230904
"2020-2024","0080",장기이식_폐,남,입원,"45_49세",6.0,1.0,28035015
"2020-2024","0080",장기이식_폐,여,입원,"50_54세",6.4,1.1,29464234
"2020-2024","0080",장기이식_폐,남,입원,"50_54세",11.8,1.0,28719066
"2020-2024","0080",장기이식_폐,여,입원,"55_59세",8.0,1.0,27762877
"2020-2024","0080",장기이식_폐,남,입원,"55_59세",19.0,1.0,27964459
"2020-2024","0080",장기이식_폐,여,입원,"5_9세",1.0,1.0,26829816
"2020-2024","0080",장기이식_폐,남,입원,"5_9세",2.0,1.3,38853821
"2020-2024","0080",장기이식_폐,여,입원,"60_64세",12.6,1.1,27361372
"2020-2024","0080",장기이식_폐,남,입원,"60_64세",30.6,1.0,29159921
"2020-2024","0080",장기이식_폐,여,입원,"65_69세",6.8,1.0,28133621
"2020-2024","0080",장기이식_폐,남,입원,"65_69세",20.2,1.0,27901839
"2020-2024","0080",장기이식_폐,남,입원,"70_74세",2.0,1.0,26663174
"2020-2024","0081",장루조성술,여,수술,"10_14세",3.6,1.2,754563.0
"2020-2024","0081",장루조성술,남,수술,"10_14세",4.6,1.1,654115.0
"2020-2024","0081",장루조성술,여,수술,"15_19세",6.8,1.4,903384.0
"2020-2024","0081",장루조성술,남,수술,"15_19세",10.2,1.6,718889.0
"2020-2024","0081",장루조성술,여,수술,"1_4세",92.8,1.2,2064033.0
"2020-2024","0081",장루조성술,남,수술,"1_4세",147.0,1.2,2135953.0
"2020-2024","0081",장루조성술,여,수술,"20_24세",12.8,1.1,670010.0
"2020-2024","0081",장루조성술,남,수술,"20_24세",15.0,1.3,721347.0
"2020-2024","0081",장루조성술,여,수술,"25_29세",20.4,1.1,631556.0
"2020-2024","0081",장루조성술,남,수술,"25_29세",23.8,1.3,742706.0
"2020-2024","0081",장루조성술,여,수술,"30_34세",31.4,1.1,696100.0
"2020-2024","0081",장루조성술,남,수술,"30_34세",34.4,1.3,720098.0
"2020-2024","0081",장루조성술,여,수술,"35_39세",56.4,1.2,664138.0
"2020-2024","0081",장루조성술,남,수술,"35_39세",56.4,1.2,720900.0
"2020-2024","0081",장루조성술,여,수술,"40_44세",101.2,1.2,689245.0
"2020-2024","0081",장루조성술,남,수술,"40_44세",96.6,1.1,692382.0
"2020-2024","0081",장루조성술,여,수술,"45_49세",158.6,1.2,695004.0
"2020-2024","0081",장루조성술,남,수술,"45_49세",187.8,1.2,687594.0
"2020-2024","0081",장루조성술,여,수술,"50_54세",219.0,1.2,682262.0
"2020-2024","0081",장루조성술,남,수술,"50_54세",341.2,1.2,677102.0
"2020-2024","0081",장루조성술,여,수술,"55_59세",246.2,1.2,676912.0
"2020-2024","0081",장루조성술,남,수술,"55_59세",500.0,1.2,667662.0
"2020-2024","0081",장루조성술,여,수술,"5_9세",3.4,1.5,983154.0
"2020-2024","0081",장루조성술,남,수술,"5_9세",6.6,1.1,800532.0
"2020-2024","0081",장루조성술,여,수술,"60_64세",294.0,1.2,682013.0
"2020-2024","0081",장루조성술,남,수술,"60_64세",688.8,1.2,660695.0
"2020-2024","0081",장루조성술,여,수술,"65_69세",284.6,1.2,666232.0
"2020-2024","0081",장루조성술,남,수술,"65_69세",665.2,1.2,665344.0
"2020-2024","0081",장루조성술,여,수술,"70_74세",269.8,1.3,670911.0
"2020-2024","0081",장루조성술,남,수술,"70_74세",573.2,1.2,658074.0
"2020-2024","0081",장루조성술,여,수술,"75_79세",316.4,1.2,675064.0
"2020-2024","0081",장루조성술,남,수술,"75_79세",446.2,1.2,650790.0
"2020-2024","0081",장루조성술,여,수술,"80세 이상",539.8,1.3,670630.0
"2020-2024","0081",장루조성술,남,수술,"80세 이상",496.8,1.3,680102.0
"2020-2024","0082",재활치료-단순,여,통원,"10_14세",93725.6,2.9,18592.0
"2020-2024","0082",재활치료-단순,남,통원,"10_14세",139212.6,3.1,19631.0
"2020-2024","0082",재활치료-단순,여,통원,"15_19세",111252.2,3.2,20986.0
"2020-2024","0082",재활치료-단순,남,통원,"15_19세",141285.8,3.5,23053.0
"2020-2024","0082",재활치료-단순,여,통원,"1_4세",4152.8,4.4,37699.0
"2020-2024","0082",재활치료-단순,남,통원,"1_4세",5243.0,4.6,40172.0
"2020-2024","0082",재활치료-단순,여,통원,"20_24세",148010.0,3.1,19914.0
"2020-2024","0082",재활치료-단순,남,통원,"20_24세",153784.0,3.5,22936.0
"2020-2024","0082",재활치료-단순,여,통원,"25_29세",199713.8,3.3,21585.0
"2020-2024","0082",재활치료-단순,남,통원,"25_29세",208972.6,3.5,22753.0
"2020-2024","0082",재활치료-단순,여,통원,"30_34세",196623.8,3.6,23701.0
"2020-2024","0082",재활치료-단순,남,통원,"30_34세",217449.2,3.7,24445.0
"2020-2024","0082",재활치료-단순,여,통원,"35_39세",207061.0,4.0,26044.0
"2020-2024","0082",재활치료-단순,남,통원,"35_39세",222803.4,4.0,26370.0
"2020-2024","0082",재활치료-단순,여,통원,"40_44세",260534.2,4.4,29259.0
"2020-2024","0082",재활치료-단순,남,통원,"40_44세",250245.2,4.3,28959.0
"2020-2024","0082",재활치료-단순,여,통원,"45_49세",315373.2,5.2,33976.0
"2020-2024","0082",재활치료-단순,남,통원,"45_49세",250230.4,4.8,32455.0
"2020-2024","0082",재활치료-단순,여,통원,"50_54세",408397.4,5.9,38437.0
"2020-2024","0082",재활치료-단순,남,통원,"50_54세",260582.0,5.2,35276.0
"2020-2024","0082",재활치료-단순,여,통원,"55_59세",392171.2,6.4,42235.0
"2020-2024","0082",재활치료-단순,남,통원,"55_59세",242343.6,5.6,38211.0
"2020-2024","0082",재활치료-단순,여,통원,"5_9세",43402.8,2.5,16644.0
"2020-2024","0082",재활치료-단순,남,통원,"5_9세",53533.4,2.6,17383.0
"2020-2024","0082",재활치료-단순,여,통원,"60_64세",404301.6,7.2,48806.0
"2020-2024","0082",재활치료-단순,남,통원,"60_64세",243747.8,6.2,42736.0
"2020-2024","0082",재활치료-단순,여,통원,"65_69세",314117.6,8.5,59174.0
"2020-2024","0082",재활치료-단순,남,통원,"65_69세",180541.2,7.2,50027.0
"2020-2024","0082",재활치료-단순,여,통원,"70_74세",215648.4,9.6,67782.0
"2020-2024","0082",재활치료-단순,남,통원,"70_74세",120190.4,8.5,59468.0
"2020-2024","0082",재활치료-단순,여,통원,"75_79세",153648.4,10.2,72928.0
"2020-2024","0082",재활치료-단순,남,통원,"75_79세",81670.0,9.6,67544.0
"2020-2024","0082",재활치료-단순,여,통원,"80세 이상",140308.0,10.9,79456.0
"2020-2024","0082",재활치료-단순,남,통원,"80세 이상",68816.2,10.0,70731.0
"2020-2024","0083",재활치료-전문,여,통원,"10_14세",1846.8,140.5,2482263.0
"2020-2024","0083",재활치료-전문,남,통원,"10_14세",2590.0,131.4,2321832.0
"2020-2024","0083",재활치료-전문,여,통원,"15_19세",2593.6,53.8,945166.0
"2020-2024","0083",재활치료-전문,남,통원,"15_19세",3677.2,53.8,943155.0
"2020-2024","0083",재활치료-전문,여,통원,"1_4세",6408.0,107.1,1905078.0
"2020-2024","0083",재활치료-전문,남,통원,"1_4세",8979.6,97.0,1705294.0
"2020-2024","0083",재활치료-전문,여,통원,"20_24세",4522.8,25.5,441947.0
"2020-2024","0083",재활치료-전문,남,통원,"20_24세",5697.0,29.7,510287.0
"2020-2024","0083",재활치료-전문,여,통원,"25_29세",7016.6,17.8,303102.0
"2020-2024","0083",재활치료-전문,남,통원,"25_29세",8615.2,22.2,378685.0
"2020-2024","0083",재활치료-전문,여,통원,"30_34세",8101.4,14.4,242657.0
"2020-2024","0083",재활치료-전문,남,통원,"30_34세",10666.4,23.1,391803.0
"2020-2024","0083",재활치료-전문,여,통원,"35_39세",11101.8,19.4,326616.0
"2020-2024","0083",재활치료-전문,남,통원,"35_39세",14169.2,27.5,465575.0
"2020-2024","0083",재활치료-전문,여,통원,"40_44세",17102.8,21.4,359262.0
"2020-2024","0083",재활치료-전문,남,통원,"40_44세",19876.2,32.5,551511.0
"2020-2024","0083",재활치료-전문,여,통원,"45_49세",26227.2,23.6,396442.0
"2020-2024","0083",재활치료-전문,남,통원,"45_49세",25245.6,41.0,696146.0
"2020-2024","0083",재활치료-전문,여,통원,"50_54세",40809.2,23.6,395593.0
"2020-2024","0083",재활치료-전문,남,통원,"50_54세",32727.0,50.4,860007.0
"2020-2024","0083",재활치료-전문,여,통원,"55_59세",49114.0,26.8,448501.0
"2020-2024","0083",재활치료-전문,남,통원,"55_59세",38965.2,60.8,1037999.0
"2020-2024","0083",재활치료-전문,여,통원,"5_9세",2755.4,178.6,3099089.0
"2020-2024","0083",재활치료-전문,남,통원,"5_9세",4175.0,156.9,2702898.0
"2020-2024","0083",재활치료-전문,여,통원,"60_64세",62805.2,30.5,511629.0
"2020-2024","0083",재활치료-전문,남,통원,"60_64세",48154.6,68.5,1170038.0
"2020-2024","0083",재활치료-전문,여,통원,"65_69세",61831.2,37.8,637054.0
"2020-2024","0083",재활치료-전문,남,통원,"65_69세",45107.4,73.7,1260487.0
"2020-2024","0083",재활치료-전문,여,통원,"70_74세",55657.4,55.2,935009.0
"2020-2024","0083",재활치료-전문,남,통원,"70_74세",39005.6,83.9,1436673.0
"2020-2024","0083",재활치료-전문,여,통원,"75_79세",53415.2,80.5,1370378.0
"2020-2024","0083",재활치료-전문,남,통원,"75_79세",33733.0,95.7,1641226.0
"2020-2024","0083",재활치료-전문,여,통원,"80세 이상",72084.4,120.5,2061841.0
"2020-2024","0083",재활치료-전문,남,통원,"80세 이상",37234.6,121.5,2093261.0
"2020-2024","0085",전산화단층영상진단(CT),여,통원,"10_14세",43778.6,1.2,124854.0
"2020-2024","0085",전산화단층영상진단(CT),남,통원,"10_14세",77853.0,1.3,130425.0
"2020-2024","0085",전산화단층영상진단(CT),여,통원,"15_19세",89964.4,1.2,114640.0
"2020-2024","0085",전산화단층영상진단(CT),남,통원,"15_19세",112903.0,1.3,128542.0
"2020-2024","0085",전산화단층영상진단(CT),여,통원,"1_4세",14400.4,1.3,157733.0
"2020-2024","0085",전산화단층영상진단(CT),남,통원,"1_4세",20341.8,1.3,157429.0
"2020-2024","0085",전산화단층영상진단(CT),여,통원,"20_24세",177382.0,1.2,108673.0
"2020-2024","0085",전산화단층영상진단(CT),남,통원,"20_24세",163114.2,1.3,121799.0
"2020-2024","0085",전산화단층영상진단(CT),여,통원,"25_29세",186945.6,1.3,124269.0
"2020-2024","0085",전산화단층영상진단(CT),남,통원,"25_29세",189188.2,1.3,131054.0
"2020-2024","0085",전산화단층영상진단(CT),여,통원,"30_34세",165477.6,1.4,144399.0
"2020-2024","0085",전산화단층영상진단(CT),남,통원,"30_34세",184670.8,1.4,143369.0
"2020-2024","0085",전산화단층영상진단(CT),여,통원,"35_39세",179249.0,1.5,165312.0
"2020-2024","0085",전산화단층영상진단(CT),남,통원,"35_39세",197583.2,1.5,158540.0
"2020-2024","0085",전산화단층영상진단(CT),여,통원,"40_44세",223553.4,1.6,188385.0
"2020-2024","0085",전산화단층영상진단(CT),남,통원,"40_44세",233988.4,1.5,175064.0
"2020-2024","0085",전산화단층영상진단(CT),여,통원,"45_49세",259568.2,1.7,206536.0
"2020-2024","0085",전산화단층영상진단(CT),남,통원,"45_49세",246637.6,1.6,191423.0
"2020-2024","0085",전산화단층영상진단(CT),여,통원,"50_54세",340057.6,1.8,214332.0
"2020-2024","0085",전산화단층영상진단(CT),남,통원,"50_54세",298967.0,1.8,212210.0
"2020-2024","0085",전산화단층영상진단(CT),여,통원,"55_59세",376914.6,1.8,218240.0
"2020-2024","0085",전산화단층영상진단(CT),남,통원,"55_59세",340034.4,1.9,233592.0
"2020-2024","0085",전산화단층영상진단(CT),여,통원,"5_9세",29036.8,1.2,120352.0
"2020-2024","0085",전산화단층영상진단(CT),남,통원,"5_9세",49592.4,1.2,118074.0
"2020-2024","0085",전산화단층영상진단(CT),여,통원,"60_64세",438193.0,1.8,225611.0
"2020-2024","0085",전산화단층영상진단(CT),남,통원,"60_64세",411066.4,2.1,255423.0
"2020-2024","0085",전산화단층영상진단(CT),여,통원,"65_69세",374142.4,1.9,235073.0
"2020-2024","0085",전산화단층영상진단(CT),남,통원,"65_69세",366740.2,2.2,278106.0
"2020-2024","0085",전산화단층영상진단(CT),여,통원,"70_74세",294870.0,2.1,248427.0
"2020-2024","0085",전산화단층영상진단(CT),남,통원,"70_74세",296021.2,2.4,297951.0
"2020-2024","0085",전산화단층영상진단(CT),여,통원,"75_79세",252134.6,2.2,262204.0
"2020-2024","0085",전산화단층영상진단(CT),남,통원,"75_79세",237087.6,2.6,311605.0
"2020-2024","0085",전산화단층영상진단(CT),여,통원,"80세 이상",386404.6,2.4,274004.0
"2020-2024","0085",전산화단층영상진단(CT),남,통원,"80세 이상",259192.8,2.8,317599.0
"2020-2024","0086",CT_Cone Beam CT,여,통원,"10_14세",12584.6,1.1,65266.0
"2020-2024","0086",CT_Cone Beam CT,남,통원,"10_14세",18415.6,1.2,68982.0
"2020-2024","0086",CT_Cone Beam CT,여,통원,"15_19세",42081.2,1.1,59302.0
"2020-2024","0086",CT_Cone Beam CT,남,통원,"15_19세",41437.0,1.1,61662.0
"2020-2024","0086",CT_Cone Beam CT,여,통원,"1_4세",1427.0,1.2,81529.0
"2020-2024","0086",CT_Cone Beam CT,남,통원,"1_4세",2027.4,1.2,79960.0
"2020-2024","0086",CT_Cone Beam CT,여,통원,"20_24세",101312.4,1.1,58668.0
"2020-2024","0086",CT_Cone Beam CT,남,통원,"20_24세",74043.2,1.1,59186.0
"2020-2024","0086",CT_Cone Beam CT,여,통원,"25_29세",84527.0,1.1,59573.0
"2020-2024","0086",CT_Cone Beam CT,남,통원,"25_29세",73950.6,1.1,59613.0
"2020-2024","0086",CT_Cone Beam CT,여,통원,"30_34세",55151.0,1.1,61226.0
"2020-2024","0086",CT_Cone Beam CT,남,통원,"30_34세",58247.8,1.1,60797.0
"2020-2024","0086",CT_Cone Beam CT,여,통원,"35_39세",42922.2,1.1,62442.0
"2020-2024","0086",CT_Cone Beam CT,남,통원,"35_39세",47081.2,1.1,61681.0
"2020-2024","0086",CT_Cone Beam CT,여,통원,"40_44세",35881.2,1.1,62880.0
"2020-2024","0086",CT_Cone Beam CT,남,통원,"40_44세",40800.8,1.1,62618.0
"2020-2024","0086",CT_Cone Beam CT,여,통원,"45_49세",28050.0,1.1,63102.0
"2020-2024","0086",CT_Cone Beam CT,남,통원,"45_49세",31612.6,1.1,62861.0
"2020-2024","0086",CT_Cone Beam CT,여,통원,"50_54세",28657.0,1.1,64854.0
"2020-2024","0086",CT_Cone Beam CT,남,통원,"50_54세",28579.2,1.1,63645.0
"2020-2024","0086",CT_Cone Beam CT,여,통원,"55_59세",26397.6,1.2,66994.0
"2020-2024","0086",CT_Cone Beam CT,남,통원,"55_59세",23565.4,1.2,64398.0
"2020-2024","0086",CT_Cone Beam CT,여,통원,"5_9세",9608.8,1.2,69054.0
"2020-2024","0086",CT_Cone Beam CT,남,통원,"5_9세",17371.2,1.2,69151.0
"2020-2024","0086",CT_Cone Beam CT,여,통원,"60_64세",26365.2,1.2,68402.0
"2020-2024","0086",CT_Cone Beam CT,남,통원,"60_64세",21424.2,1.2,65485.0
"2020-2024","0086",CT_Cone Beam CT,여,통원,"65_69세",19535.0,1.2,69736.0
"2020-2024","0086",CT_Cone Beam CT,남,통원,"65_69세",15497.2,1.2,66023.0
"2020-2024","0086",CT_Cone Beam CT,여,통원,"70_74세",11911.4,1.2,70513.0
"2020-2024","0086",CT_Cone Beam CT,남,통원,"70_74세",8782.2,1.2,65925.0
"2020-2024","0086",CT_Cone Beam CT,여,통원,"75_79세",7913.2,1.2,70469.0
"2020-2024","0086",CT_Cone Beam CT,남,통원,"75_79세",5271.8,1.2,65232.0
"2020-2024","0086",CT_Cone Beam CT,여,통원,"80세 이상",7229.6,1.2,69540.0
"2020-2024","0086",CT_Cone Beam CT,남,통원,"80세 이상",3654.2,1.1,65055.0
"2020-2024","0087",정신요법-가족치료,여,통원,"10_14세",24009.6,5.0,88993.0
"2020-2024","0087",정신요법-가족치료,남,통원,"10_14세",45083.6,5.7,99941.0
"2020-2024","0087",정신요법-가족치료,여,통원,"15_19세",34280.2,4.5,78563.0
"2020-2024","0087",정신요법-가족치료,남,통원,"15_19세",33966.4,4.4,77586.0
"2020-2024","0087",정신요법-가족치료,여,통원,"1_4세",4374.8,1.9,33177.0
"2020-2024","0087",정신요법-가족치료,남,통원,"1_4세",11017.0,2.1,36398.0
"2020-2024","0087",정신요법-가족치료,여,통원,"20_24세",13869.2,3.1,53545.0
"2020-2024","0087",정신요법-가족치료,남,통원,"20_24세",16272.0,3.5,60381.0
"2020-2024","0087",정신요법-가족치료,여,통원,"25_29세",12225.0,3.0,52553.0
"2020-2024","0087",정신요법-가족치료,남,통원,"25_29세",11146.2,3.6,61811.0
"2020-2024","0087",정신요법-가족치료,여,통원,"30_34세",10446.6,3.0,52302.0
"2020-2024","0087",정신요법-가족치료,남,통원,"30_34세",8555.2,3.5,59899.0
"2020-2024","0087",정신요법-가족치료,여,통원,"35_39세",9769.0,3.0,51080.0
"2020-2024","0087",정신요법-가족치료,남,통원,"35_39세",7633.8,3.2,54985.0
"2020-2024","0087",정신요법-가족치료,여,통원,"40_44세",9799.4,3.0,51393.0
"2020-2024","0087",정신요법-가족치료,남,통원,"40_44세",7916.0,3.1,53753.0
"2020-2024","0087",정신요법-가족치료,여,통원,"45_49세",9087.6,3.0,52226.0
"2020-2024","0087",정신요법-가족치료,남,통원,"45_49세",7599.2,3.1,52087.0
"2020-2024","0087",정신요법-가족치료,여,통원,"50_54세",9938.6,3.0,52320.0
"2020-2024","0087",정신요법-가족치료,남,통원,"50_54세",7783.6,3.1,52347.0
"2020-2024","0087",정신요법-가족치료,여,통원,"55_59세",10249.6,3.0,52229.0
"2020-2024","0087",정신요법-가족치료,남,통원,"55_59세",7548.2,3.0,51595.0
"2020-2024","0087",정신요법-가족치료,여,통원,"5_9세",16860.0,4.5,79576.0
"2020-2024","0087",정신요법-가족치료,남,통원,"5_9세",48563.6,5.4,95604.0
"2020-2024","0087",정신요법-가족치료,여,통원,"60_64세",13076.4,3.1,53956.0
"2020-2024","0087",정신요법-가족치료,남,통원,"60_64세",8801.8,3.1,52097.0
"2020-2024","0087",정신요법-가족치료,여,통원,"65_69세",14347.4,3.4,58851.0
"2020-2024","0087",정신요법-가족치료,남,통원,"65_69세",8801.8,3.2,55168.0
"2020-2024","0087",정신요법-가족치료,여,통원,"70_74세",17135.2,3.7,63060.0
"2020-2024","0087",정신요법-가족치료,남,통원,"70_74세",9572.0,3.5,58946.0
"2020-2024","0087",정신요법-가족치료,여,통원,"75_79세",24336.6,3.9,67415.0
"2020-2024","0087",정신요법-가족치료,남,통원,"75_79세",11955.8,3.6,62111.0
"2020-2024","0087",정신요법-가족치료,여,통원,"80세 이상",64875.2,4.6,80118.0
"2020-2024","0087",정신요법-가족치료,남,통원,"80세 이상",23606.6,4.1,69842.0
"2020-2024","0088",정신요법-개인정신치료,여,통원,"10_14세",31847.4,7.0,211774.0
"2020-2024","0088",정신요법-개인정신치료,남,통원,"10_14세",58290.8,7.0,182780.0
"2020-2024","0088",정신요법-개인정신치료,여,통원,"15_19세",70261.6,8.5,259910.0
"2020-2024","0088",정신요법-개인정신치료,남,통원,"15_19세",65432.0,8.1,221756.0
"2020-2024","0088",정신요법-개인정신치료,여,통원,"1_4세",5371.4,2.1,89999.0
"2020-2024","0088",정신요법-개인정신치료,남,통원,"1_4세",13308.0,2.4,98773.0
"2020-2024","0088",정신요법-개인정신치료,여,통원,"20_24세",109524.2,8.6,253985.0
"2020-2024","0088",정신요법-개인정신치료,남,통원,"20_24세",89664.0,9.1,233624.0
"2020-2024","0088",정신요법-개인정신치료,여,통원,"25_29세",138443.0,9.0,259396.0
"2020-2024","0088",정신요법-개인정신치료,남,통원,"25_29세",93387.6,8.9,222733.0
"2020-2024","0088",정신요법-개인정신치료,여,통원,"30_34세",122025.4,8.9,251481.0
"2020-2024","0088",정신요법-개인정신치료,남,통원,"30_34세",84810.4,8.7,214220.0
"2020-2024","0088",정신요법-개인정신치료,여,통원,"35_39세",116450.8,8.8,231652.0
"2020-2024","0088",정신요법-개인정신치료,남,통원,"35_39세",81493.6,8.6,204705.0
"2020-2024","0088",정신요법-개인정신치료,여,통원,"40_44세",125512.2,8.6,214044.0
"2020-2024","0088",정신요법-개인정신치료,남,통원,"40_44세",88412.0,8.7,197728.0
"2020-2024","0088",정신요법-개인정신치료,여,통원,"45_49세",117271.2,8.6,203811.0
"2020-2024","0088",정신요법-개인정신치료,남,통원,"45_49세",86934.6,9.3,200284.0
"2020-2024","0088",정신요법-개인정신치료,여,통원,"50_54세",122180.4,8.7,195337.0
"2020-2024","0088",정신요법-개인정신치료,남,통원,"50_54세",87321.6,9.7,202274.0
"2020-2024","0088",정신요법-개인정신치료,여,통원,"55_59세",119527.4,8.6,181712.0
"2020-2024","0088",정신요법-개인정신치료,남,통원,"55_59세",78178.6,10.3,205862.0
"2020-2024","0088",정신요법-개인정신치료,여,통원,"5_9세",20589.0,5.1,152673.0
"2020-2024","0088",정신요법-개인정신치료,남,통원,"5_9세",58463.8,6.2,172987.0
"2020-2024","0088",정신요법-개인정신치료,여,통원,"60_64세",136534.2,8.5,173330.0
"2020-2024","0088",정신요법-개인정신치료,남,통원,"60_64세",81486.6,10.8,210386.0
"2020-2024","0088",정신요법-개인정신치료,여,통원,"65_69세",124524.8,8.3,166095.0
"2020-2024","0088",정신요법-개인정신치료,남,통원,"65_69세",71712.8,11.1,210602.0
"2020-2024","0088",정신요법-개인정신치료,여,통원,"70_74세",106103.4,7.8,152600.0
"2020-2024","0088",정신요법-개인정신치료,남,통원,"70_74세",61730.0,10.2,190458.0
"2020-2024","0088",정신요법-개인정신치료,여,통원,"75_79세",97775.2,7.0,134285.0
"2020-2024","0088",정신요법-개인정신치료,남,통원,"75_79세",57274.6,8.8,161893.0
"2020-2024","0088",정신요법-개인정신치료,여,통원,"80세 이상",141420.0,6.1,111980.0
"2020-2024","0088",정신요법-개인정신치료,남,통원,"80세 이상",69887.6,7.4,135194.0
"2020-2024","0089",정신요법-집단정신치료,여,통원,"10_14세",588.0,15.2,201150.0
"2020-2024","0089",정신요법-집단정신치료,남,통원,"10_14세",382.0,17.6,227518.0
"2020-2024","0089",정신요법-집단정신치료,여,통원,"15_19세",1564.0,13.6,175352.0
"2020-2024","0089",정신요법-집단정신치료,남,통원,"15_19세",1210.8,15.7,198941.0
"2020-2024","0089",정신요법-집단정신치료,여,통원,"1_4세",8.6,35.0,427089.0
"2020-2024","0089",정신요법-집단정신치료,남,통원,"1_4세",33.2,41.3,489399.0
"2020-2024","0089",정신요법-집단정신치료,여,통원,"20_24세",1535.0,15.0,183755.0
"2020-2024","0089",정신요법-집단정신치료,남,통원,"20_24세",2041.6,18.0,219108.0
"2020-2024","0089",정신요법-집단정신치료,여,통원,"25_29세",1791.2,19.2,233845.0
"2020-2024","0089",정신요법-집단정신치료,남,통원,"25_29세",1854.0,26.0,312677.0
"2020-2024","0089",정신요법-집단정신치료,여,통원,"30_34세",1648.8,21.2,254803.0
"2020-2024","0089",정신요법-집단정신치료,남,통원,"30_34세",1705.0,28.0,334612.0
"2020-2024","0089",정신요법-집단정신치료,여,통원,"35_39세",1543.6,22.1,261579.0
"2020-2024","0089",정신요법-집단정신치료,남,통원,"35_39세",1693.6,28.7,341626.0
"2020-2024","0089",정신요법-집단정신치료,여,통원,"40_44세",1562.2,23.4,274965.0
"2020-2024","0089",정신요법-집단정신치료,남,통원,"40_44세",2037.6,28.3,331954.0
"2020-2024","0089",정신요법-집단정신치료,여,통원,"45_49세",1577.2,25.9,303650.0
"2020-2024","0089",정신요법-집단정신치료,남,통원,"45_49세",2380.4,30.4,353290.0
"2020-2024","0089",정신요법-집단정신치료,여,통원,"50_54세",1769.8,28.6,334522.0
"2020-2024","0089",정신요법-집단정신치료,남,통원,"50_54세",2763.0,31.5,366264.0
"2020-2024","0089",정신요법-집단정신치료,여,통원,"55_59세",1625.0,32.0,373838.0
"2020-2024","0089",정신요법-집단정신치료,남,통원,"55_59세",2799.6,33.8,387698.0
"2020-2024","0089",정신요법-집단정신치료,여,통원,"5_9세",22.6,19.5,226034.0
"2020-2024","0089",정신요법-집단정신치료,남,통원,"5_9세",76.4,26.6,309183.0
"2020-2024","0089",정신요법-집단정신치료,여,통원,"60_64세",1644.6,32.9,378849.0
"2020-2024","0089",정신요법-집단정신치료,남,통원,"60_64세",2981.2,36.8,418542.0
"2020-2024","0089",정신요법-집단정신치료,여,통원,"65_69세",1331.0,33.0,380065.0
"2020-2024","0089",정신요법-집단정신치료,남,통원,"65_69세",2445.4,39.8,455016.0
"2020-2024","0089",정신요법-집단정신치료,여,통원,"70_74세",886.8,32.7,370586.0
"2020-2024","0089",정신요법-집단정신치료,남,통원,"70_74세",1697.0,40.5,461032.0
"2020-2024","0089",정신요법-집단정신치료,여,통원,"75_79세",593.2,30.9,348056.0
"2020-2024","0089",정신요법-집단정신치료,남,통원,"75_79세",1143.0,36.9,413179.0
"2020-2024","0089",정신요법-집단정신치료,여,통원,"80세 이상",623.6,28.2,307269.0
"2020-2024","0089",정신요법-집단정신치료,남,통원,"80세 이상",875.2,34.0,376109.0
"2020-2024","0091",조혈모세포이식,여,통원,"10_14세",44.2,3.5,1007323.0
"2020-2024","0091",조혈모세포이식,남,통원,"10_14세",52.8,3.8,1205058.0
"2020-2024","0091",조혈모세포이식,여,통원,"15_19세",32.2,3.2,971306.0
"2020-2024","0091",조혈모세포이식,남,통원,"15_19세",66.8,3.5,1066344.0
"2020-2024","0091",조혈모세포이식,여,통원,"1_4세",39.4,4.4,1626736.0
"2020-2024","0091",조혈모세포이식,남,통원,"1_4세",62.0,3.7,1390361.0
"2020-2024","0091",조혈모세포이식,여,통원,"20_24세",48.8,3.0,995178.0
"2020-2024","0091",조혈모세포이식,남,통원,"20_24세",68.2,3.3,1027182.0
"2020-2024","0091",조혈모세포이식,여,통원,"25_29세",47.8,3.1,1014538.0
"2020-2024","0091",조혈모세포이식,남,통원,"25_29세",71.0,3.4,1035904.0
"2020-2024","0091",조혈모세포이식,여,통원,"30_34세",51.0,3.1,1005451.0
"2020-2024","0091",조혈모세포이식,남,통원,"30_34세",64.8,3.4,1057458.0
"2020-2024","0091",조혈모세포이식,여,통원,"35_39세",54.4,3.4,1037437.0
"2020-2024","0091",조혈모세포이식,남,통원,"35_39세",72.8,3.5,1087475.0
"2020-2024","0091",조혈모세포이식,여,통원,"40_44세",87.8,3.4,1006808.0
"2020-2024","0091",조혈모세포이식,남,통원,"40_44세",109.8,3.4,1070970.0
"2020-2024","0091",조혈모세포이식,여,통원,"45_49세",116.2,3.5,1076081.0
"2020-2024","0091",조혈모세포이식,남,통원,"45_49세",141.0,3.6,1096516.0
"2020-2024","0091",조혈모세포이식,여,통원,"50_54세",156.0,3.7,1143131.0
"2020-2024","0091",조혈모세포이식,남,통원,"50_54세",201.4,3.9,1234362.0
"2020-2024","0091",조혈모세포이식,여,통원,"55_59세",225.8,4.1,1298579.0
"2020-2024","0091",조혈모세포이식,남,통원,"55_59세",265.8,4.1,1303195.0
"2020-2024","0091",조혈모세포이식,여,통원,"5_9세",41.6,3.8,1199313.0
"2020-2024","0091",조혈모세포이식,남,통원,"5_9세",60.2,3.6,1139609.0
"2020-2024","0091",조혈모세포이식,여,통원,"60_64세",277.2,4.1,1306148.0
"2020-2024","0091",조혈모세포이식,남,통원,"60_64세",349.8,4.1,1341721.0
"2020-2024","0091",조혈모세포이식,여,통원,"65_69세",215.2,4.3,1392576.0
"2020-2024","0091",조혈모세포이식,남,통원,"65_69세",311.2,4.0,1331634.0
"2020-2024","0091",조혈모세포이식,여,통원,"70_74세",28.4,4.2,1279223.0
"2020-2024","0091",조혈모세포이식,남,통원,"70_74세",38.6,3.7,1096146.0
"2020-2024","0091",조혈모세포이식,여,통원,"75_79세",1.7,5.0,1321908.0
"2020-2024","0091",조혈모세포이식,남,통원,"75_79세",4.3,3.8,1228764.0
"2020-2024","0091",조혈모세포이식,여,통원,"80세 이상",1.0,1.0,67288.0
"2020-2024","0092",중환자실 입원료,여,입원,"10_14세",445.4,7.6,3336735.0
"2020-2024","0092",중환자실 입원료,남,입원,"10_14세",525.6,7.8,3445952.0
"2020-2024","0092",중환자실 입원료,여,입원,"15_19세",740.2,5.1,2003400.0
"2020-2024","0092",중환자실 입원료,남,입원,"15_19세",843.6,6.8,2642902.0
"2020-2024","0092",중환자실 입원료,여,입원,"1_4세",13225.6,16.8,7444797.0
"2020-2024","0092",중환자실 입원료,남,입원,"1_4세",16596.2,16.2,7121492.0
"2020-2024","0092",중환자실 입원료,여,입원,"20_24세",1007.2,5.5,1976136.0
"2020-2024","0092",중환자실 입원료,남,입원,"20_24세",1137.0,5.7,2079860.0
"2020-2024","0092",중환자실 입원료,여,입원,"25_29세",1247.4,5.6,2077709.0
"2020-2024","0092",중환자실 입원료,남,입원,"25_29세",1623.0,5.7,2026017.0
"2020-2024","0092",중환자실 입원료,여,입원,"30_34세",1476.8,5.2,1909391.0
"2020-2024","0092",중환자실 입원료,남,입원,"30_34세",2017.4,5.8,2044651.0
"2020-2024","0092",중환자실 입원료,여,입원,"35_39세",2012.2,5.2,1862106.0
"2020-2024","0092",중환자실 입원료,남,입원,"35_39세",3008.8,5.5,1906456.0
"2020-2024","0092",중환자실 입원료,여,입원,"40_44세",2877.4,5.3,1853093.0
"2020-2024","0092",중환자실 입원료,남,입원,"40_44세",4895.2,5.5,1892901.0
"2020-2024","0092",중환자실 입원료,여,입원,"45_49세",4024.4,5.6,1951097.0
"2020-2024","0092",중환자실 입원료,남,입원,"45_49세",7402.0,5.4,1818126.0
"2020-2024","0092",중환자실 입원료,여,입원,"50_54세",5759.8,5.5,1894434.0
"2020-2024","0092",중환자실 입원료,남,입원,"50_54세",11602.6,5.4,1801813.0
"2020-2024","0092",중환자실 입원료,여,입원,"55_59세",7196.6,5.4,1868703.0
"2020-2024","0092",중환자실 입원료,남,입원,"55_59세",15448.8,5.4,1826172.0
"2020-2024","0092",중환자실 입원료,여,입원,"5_9세",370.0,6.7,3175859.0
"2020-2024","0092",중환자실 입원료,남,입원,"5_9세",447.0,7.5,3393646.0
"2020-2024","0092",중환자실 입원료,여,입원,"60_64세",10057.6,5.4,1885319.0
"2020-2024","0092",중환자실 입원료,남,입원,"60_64세",20585.4,5.6,1892995.0
"2020-2024","0092",중환자실 입원료,여,입원,"65_69세",11382.4,5.9,1996426.0
"2020-2024","0092",중환자실 입원료,남,입원,"65_69세",21126.6,6.0,2029016.0
"2020-2024","0092",중환자실 입원료,여,입원,"70_74세",13045.2,6.3,2074640.0
"2020-2024","0092",중환자실 입원료,남,입원,"70_74세",20771.4,6.6,2164492.0
"2020-2024","0092",중환자실 입원료,여,입원,"75_79세",16591.6,6.8,2124077.0
"2020-2024","0092",중환자실 입원료,남,입원,"75_79세",21156.2,7.7,2400939.0
"2020-2024","0092",중환자실 입원료,여,입원,"80세 이상",44811.2,7.4,2013956.0
"2020-2024","0092",중환자실 입원료,남,입원,"80세 이상",34112.0,8.8,2519912.0
"2020-2024","0094",진단 초음파,여,통원,"10_14세",39042.6,1.3,133572.0
"2020-2024","0094",진단 초음파,남,통원,"10_14세",36888.2,1.4,137122.0
"2020-2024","0094",진단 초음파,여,통원,"15_19세",109492.6,1.4,129370.0
"2020-2024","0094",진단 초음파,남,통원,"15_19세",41450.4,1.3,139014.0
"2020-2024","0094",진단 초음파,여,통원,"1_4세",55357.4,2.4,432805.0
"2020-2024","0094",진단 초음파,남,통원,"1_4세",72722.8,2.3,397074.0
"2020-2024","0094",진단 초음파,여,통원,"20_24세",313430.2,1.7,155144.0
"2020-2024","0094",진단 초음파,남,통원,"20_24세",59869.8,1.3,131250.0
"2020-2024","0094",진단 초음파,여,통원,"25_29세",535139.0,2.4,227705.0
"2020-2024","0094",진단 초음파,남,통원,"25_29세",96168.2,1.3,129348.0
"2020-2024","0094",진단 초음파,여,통원,"30_34세",688691.4,3.4,326378.0
"2020-2024","0094",진단 초음파,남,통원,"30_34세",123254.8,1.3,131458.0
"2020-2024","0094",진단 초음파,여,통원,"35_39세",657738.8,2.8,267529.0
"2020-2024","0094",진단 초음파,남,통원,"35_39세",154863.6,1.3,134713.0
"2020-2024","0094",진단 초음파,여,통원,"40_44세",715423.4,2.0,193425.0
"2020-2024","0094",진단 초음파,남,통원,"40_44세",204246.4,1.3,138586.0
"2020-2024","0094",진단 초음파,여,통원,"45_49세",733656.6,1.8,176372.0
"2020-2024","0094",진단 초음파,남,통원,"45_49세",222128.6,1.3,142298.0
"2020-2024","0094",진단 초음파,여,통원,"50_54세",763805.2,1.7,170381.0
"2020-2024","0094",진단 초음파,남,통원,"50_54세",278267.6,1.4,147417.0
"2020-2024","0094",진단 초음파,여,통원,"55_59세",623758.0,1.6,163864.0
"2020-2024","0094",진단 초음파,남,통원,"55_59세",311754.6,1.4,153085.0
"2020-2024","0094",진단 초음파,여,통원,"5_9세",36157.2,1.4,157758.0
"2020-2024","0094",진단 초음파,남,통원,"5_9세",34817.8,1.4,164014.0
"2020-2024","0094",진단 초음파,여,통원,"60_64세",603321.6,1.6,163929.0
"2020-2024","0094",진단 초음파,남,통원,"60_64세",387009.0,1.4,158477.0
"2020-2024","0094",진단 초음파,여,통원,"65_69세",435636.8,1.6,166362.0
"2020-2024","0094",진단 초음파,남,통원,"65_69세",342785.6,1.5,165541.0
"2020-2024","0094",진단 초음파,여,통원,"70_74세",290576.2,1.5,169384.0
"2020-2024","0094",진단 초음파,남,통원,"70_74세",263440.4,1.5,171835.0
"2020-2024","0094",진단 초음파,여,통원,"75_79세",203590.0,1.5,176407.0
"2020-2024","0094",진단 초음파,남,통원,"75_79세",194143.4,1.6,179554.0
"2020-2024","0094",진단 초음파,여,통원,"80세 이상",229173.0,1.5,188916.0
"2020-2024","0094",진단 초음파,남,통원,"80세 이상",181328.6,1.6,189371.0
"2020-2024","0095",진단 초음파_두경부,여,통원,"10_14세",1467.0,1.2,92401.0
"2020-2024","0095",진단 초음파_두경부,남,통원,"10_14세",1572.2,1.2,92971.0
"2020-2024","0095",진단 초음파_두경부,여,통원,"15_19세",1942.8,1.2,94939.0
"2020-2024","0095",진단 초음파_두경부,남,통원,"15_19세",1266.6,1.2,92101.0
"2020-2024","0095",진단 초음파_두경부,여,통원,"1_4세",2150.4,1.3,138121.0
"2020-2024","0095",진단 초음파_두경부,남,통원,"1_4세",2747.2,1.3,135699.0
"2020-2024","0095",진단 초음파_두경부,여,통원,"20_24세",4395.0,1.3,101326.0
"2020-2024","0095",진단 초음파_두경부,남,통원,"20_24세",1538.6,1.2,97481.0
"2020-2024","0095",진단 초음파_두경부,여,통원,"25_29세",10462.4,1.3,105914.0
"2020-2024","0095",진단 초음파_두경부,남,통원,"25_29세",3163.8,1.3,103380.0
"2020-2024","0095",진단 초음파_두경부,여,통원,"30_34세",16774.2,1.3,107012.0
"2020-2024","0095",진단 초음파_두경부,남,통원,"30_34세",5416.0,1.3,106820.0
"2020-2024","0095",진단 초음파_두경부,여,통원,"35_39세",22550.2,1.3,106294.0
"2020-2024","0095",진단 초음파_두경부,남,통원,"35_39세",7439.2,1.3,106392.0
"2020-2024","0095",진단 초음파_두경부,여,통원,"40_44세",32823.4,1.3,105791.0
"2020-2024","0095",진단 초음파_두경부,남,통원,"40_44세",10305.8,1.3,105501.0
"2020-2024","0095",진단 초음파_두경부,여,통원,"45_49세",36305.4,1.3,103594.0
"2020-2024","0095",진단 초음파_두경부,남,통원,"45_49세",10886.0,1.3,102348.0
"2020-2024","0095",진단 초음파_두경부,여,통원,"50_54세",43136.8,1.3,101716.0
"2020-2024","0095",진단 초음파_두경부,남,통원,"50_54세",12985.6,1.3,100227.0
"2020-2024","0095",진단 초음파_두경부,여,통원,"55_59세",42472.4,1.3,99885.0
"2020-2024","0095",진단 초음파_두경부,남,통원,"55_59세",14588.2,1.3,97902.0
"2020-2024","0095",진단 초음파_두경부,여,통원,"5_9세",1440.4,1.2,98429.0
"2020-2024","0095",진단 초음파_두경부,남,통원,"5_9세",1837.6,1.2,100719.0
"2020-2024","0095",진단 초음파_두경부,여,통원,"60_64세",44457.0,1.2,97451.0
"2020-2024","0095",진단 초음파_두경부,남,통원,"60_64세",17815.6,1.2,95841.0
"2020-2024","0095",진단 초음파_두경부,여,통원,"65_69세",33809.6,1.2,95085.0
"2020-2024","0095",진단 초음파_두경부,남,통원,"65_69세",16015.8,1.2,94042.0
"2020-2024","0095",진단 초음파_두경부,여,통원,"70_74세",22412.4,1.2,93157.0
"2020-2024","0095",진단 초음파_두경부,남,통원,"70_74세",12970.8,1.2,92355.0
"2020-2024","0095",진단 초음파_두경부,여,통원,"75_79세",14546.0,1.2,92000.0
"2020-2024","0095",진단 초음파_두경부,남,통원,"75_79세",9498.2,1.2,91285.0
"2020-2024","0095",진단 초음파_두경부,여,통원,"80세 이상",11429.2,1.2,90968.0
"2020-2024","0095",진단 초음파_두경부,남,통원,"80세 이상",6944.0,1.2,91588.0
"2020-2024","0096",진단 초음파_흉부,여,통원,"10_14세",903.6,1.1,110079.0
"2020-2024","0096",진단 초음파_흉부,남,통원,"10_14세",1148.6,1.0,89725.0
"2020-2024","0096",진단 초음파_흉부,여,통원,"15_19세",4300.6,1.2,125010.0
"2020-2024","0096",진단 초음파_흉부,남,통원,"15_19세",1589.4,1.1,102688.0
"2020-2024","0096",진단 초음파_흉부,여,통원,"1_4세",449.0,1.4,150341.0
"2020-2024","0096",진단 초음파_흉부,남,통원,"1_4세",489.4,1.4,147393.0
"2020-2024","0096",진단 초음파_흉부,여,통원,"20_24세",17074.2,1.2,128364.0
"2020-2024","0096",진단 초음파_흉부,남,통원,"20_24세",2730.8,1.1,102294.0
"2020-2024","0096",진단 초음파_흉부,여,통원,"25_29세",42504.0,1.2,130297.0
"2020-2024","0096",진단 초음파_흉부,남,통원,"25_29세",4003.8,1.1,97965.0
"2020-2024","0096",진단 초음파_흉부,여,통원,"30_34세",79311.6,1.2,132660.0
"2020-2024","0096",진단 초음파_흉부,남,통원,"30_34세",4115.4,1.1,94818.0
"2020-2024","0096",진단 초음파_흉부,여,통원,"35_39세",117399.2,1.2,134233.0
"2020-2024","0096",진단 초음파_흉부,남,통원,"35_39세",3559.4,1.1,88485.0
"2020-2024","0096",진단 초음파_흉부,여,통원,"40_44세",211146.2,1.2,135666.0
"2020-2024","0096",진단 초음파_흉부,남,통원,"40_44세",3968.0,1.1,85128.0
"2020-2024","0096",진단 초음파_흉부,여,통원,"45_49세",233621.8,1.2,135616.0
"2020-2024","0096",진단 초음파_흉부,남,통원,"45_49세",3519.8,1.1,84480.0
"2020-2024","0096",진단 초음파_흉부,여,통원,"50_54세",259013.6,1.2,131051.0
"2020-2024","0096",진단 초음파_흉부,남,통원,"50_54세",3617.0,1.1,85350.0
"2020-2024","0096",진단 초음파_흉부,여,통원,"55_59세",200587.2,1.2,127376.0
"2020-2024","0096",진단 초음파_흉부,남,통원,"55_59세",3402.8,1.1,85989.0
"2020-2024","0096",진단 초음파_흉부,여,통원,"5_9세",1262.6,1.0,103707.0
"2020-2024","0096",진단 초음파_흉부,남,통원,"5_9세",259.0,1.1,85319.0
"2020-2024","0096",진단 초음파_흉부,여,통원,"60_64세",169672.6,1.2,127014.0
"2020-2024","0096",진단 초음파_흉부,남,통원,"60_64세",3666.6,1.1,88277.0
"2020-2024","0096",진단 초음파_흉부,여,통원,"65_69세",100465.4,1.2,127582.0
"2020-2024","0096",진단 초음파_흉부,남,통원,"65_69세",2999.4,1.1,90209.0
"2020-2024","0096",진단 초음파_흉부,여,통원,"70_74세",48970.0,1.2,128514.0
"2020-2024","0096",진단 초음파_흉부,남,통원,"70_74세",2293.6,1.1,92357.0
"2020-2024","0096",진단 초음파_흉부,여,통원,"75_79세",22607.6,1.2,130568.0
"2020-2024","0096",진단 초음파_흉부,남,통원,"75_79세",1760.6,1.1,93082.0
"2020-2024","0096",진단 초음파_흉부,여,통원,"80세 이상",12650.4,1.2,126215.0
"2020-2024","0096",진단 초음파_흉부,남,통원,"80세 이상",2017.8,1.1,91507.0
"2020-2024","0097",진단 초음파_심장,여,통원,"10_14세",4970.4,1.6,251385.0
"2020-2024","0097",진단 초음파_심장,남,통원,"10_14세",5765.8,1.6,251246.0
"2020-2024","0097",진단 초음파_심장,여,통원,"15_19세",6460.6,1.3,220440.0
"2020-2024","0097",진단 초음파_심장,남,통원,"15_19세",8445.2,1.4,230661.0
"2020-2024","0097",진단 초음파_심장,여,통원,"1_4세",26959.0,2.4,503154.0
"2020-2024","0097",진단 초음파_심장,남,통원,"1_4세",29614.6,2.4,497639.0
"2020-2024","0097",진단 초음파_심장,여,통원,"20_24세",9019.2,1.2,206638.0
"2020-2024","0097",진단 초음파_심장,남,통원,"20_24세",9532.4,1.2,213370.0
"2020-2024","0097",진단 초음파_심장,여,통원,"25_29세",12081.0,1.2,211528.0
"2020-2024","0097",진단 초음파_심장,남,통원,"25_29세",11984.2,1.2,207814.0
"2020-2024","0097",진단 초음파_심장,여,통원,"30_34세",15494.2,1.2,220813.0
"2020-2024","0097",진단 초음파_심장,남,통원,"30_34세",14457.2,1.2,205198.0
"2020-2024","0097",진단 초음파_심장,여,통원,"35_39세",18312.2,1.2,215295.0
"2020-2024","0097",진단 초음파_심장,남,통원,"35_39세",18773.0,1.1,205178.0
"2020-2024","0097",진단 초음파_심장,여,통원,"40_44세",24281.0,1.2,209831.0
"2020-2024","0097",진단 초음파_심장,남,통원,"40_44세",27038.8,1.2,206320.0
"2020-2024","0097",진단 초음파_심장,여,통원,"45_49세",29482.0,1.2,210434.0
"2020-2024","0097",진단 초음파_심장,남,통원,"45_49세",33401.6,1.2,208708.0
"2020-2024","0097",진단 초음파_심장,여,통원,"50_54세",41212.4,1.2,209772.0
"2020-2024","0097",진단 초음파_심장,남,통원,"50_54세",47958.0,1.2,211060.0
"2020-2024","0097",진단 초음파_심장,여,통원,"55_59세",49492.0,1.2,207955.0
"2020-2024","0097",진단 초음파_심장,남,통원,"55_59세",61271.0,1.2,212740.0
"2020-2024","0097",진단 초음파_심장,여,통원,"5_9세",6001.6,1.8,293038.0
"2020-2024","0097",진단 초음파_심장,남,통원,"5_9세",6750.0,1.7,288815.0
"2020-2024","0097",진단 초음파_심장,여,통원,"60_64세",68538.6,1.2,206635.0
"2020-2024","0097",진단 초음파_심장,남,통원,"60_64세",83764.0,1.2,214098.0
"2020-2024","0097",진단 초음파_심장,여,통원,"65_69세",72050.4,1.2,207192.0
"2020-2024","0097",진단 초음파_심장,남,통원,"65_69세",86098.8,1.2,215761.0
"2020-2024","0097",진단 초음파_심장,여,통원,"70_74세",69730.6,1.2,208025.0
"2020-2024","0097",진단 초음파_심장,남,통원,"70_74세",77327.0,1.2,216257.0
"2020-2024","0097",진단 초음파_심장,여,통원,"75_79세",68229.2,1.2,210785.0
"2020-2024","0097",진단 초음파_심장,남,통원,"75_79세",67008.4,1.2,217784.0
"2020-2024","0097",진단 초음파_심장,여,통원,"80세 이상",114707.6,1.3,211866.0
"2020-2024","0097",진단 초음파_심장,남,통원,"80세 이상",78705.4,1.3,219459.0
"2020-2024","0098",진단 초음파_복부,여,통원,"10_14세",32622.2,1.3,113175.0
"2020-2024","0098",진단 초음파_복부,남,통원,"10_14세",29319.4,1.3,113220.0
"2020-2024","0098",진단 초음파_복부,여,통원,"15_19세",97830.2,1.3,114755.0
"2020-2024","0098",진단 초음파_복부,남,통원,"15_19세",31119.0,1.2,111456.0
"2020-2024","0098",진단 초음파_복부,여,통원,"1_4세",30945.0,1.4,214580.0
"2020-2024","0098",진단 초음파_복부,남,통원,"1_4세",47084.4,1.4,205015.0
"2020-2024","0098",진단 초음파_복부,여,통원,"20_24세",282407.2,1.4,124237.0
"2020-2024","0098",진단 초음파_복부,남,통원,"20_24세",47056.4,1.2,112435.0
"2020-2024","0098",진단 초음파_복부,여,통원,"25_29세",451045.0,1.5,132140.0
"2020-2024","0098",진단 초음파_복부,남,통원,"25_29세",78754.6,1.2,114869.0
"2020-2024","0098",진단 초음파_복부,여,통원,"30_34세",530737.4,1.6,142380.0
"2020-2024","0098",진단 초음파_복부,남,통원,"30_34세",102000.6,1.2,117504.0
"2020-2024","0098",진단 초음파_복부,여,통원,"35_39세",517756.2,1.6,143618.0
"2020-2024","0098",진단 초음파_복부,남,통원,"35_39세",129095.8,1.3,119961.0
"2020-2024","0098",진단 초음파_복부,여,통원,"40_44세",579103.6,1.6,145077.0
"2020-2024","0098",진단 초음파_복부,남,통원,"40_44세",169389.2,1.2,121891.0
"2020-2024","0098",진단 초음파_복부,여,통원,"45_49세",608470.6,1.5,141648.0
"2020-2024","0098",진단 초음파_복부,남,통원,"45_49세",181856.6,1.3,122927.0
"2020-2024","0098",진단 초음파_복부,여,통원,"50_54세",613777.4,1.4,132766.0
"2020-2024","0098",진단 초음파_복부,남,통원,"50_54세",224691.8,1.3,124750.0
"2020-2024","0098",진단 초음파_복부,여,통원,"55_59세",477452.6,1.3,126144.0
"2020-2024","0098",진단 초음파_복부,남,통원,"55_59세",247255.2,1.3,126831.0
"2020-2024","0098",진단 초음파_복부,여,통원,"5_9세",28911.2,1.2,126261.0
"2020-2024","0098",진단 초음파_복부,남,통원,"5_9세",26983.0,1.3,130637.0
"2020-2024","0098",진단 초음파_복부,여,통원,"60_64세",448245.4,1.3,126053.0
"2020-2024","0098",진단 초음파_복부,남,통원,"60_64세",304977.8,1.3,128732.0
"2020-2024","0098",진단 초음파_복부,여,통원,"65_69세",311117.0,1.3,126565.0
"2020-2024","0098",진단 초음파_복부,남,통원,"65_69세",263607.4,1.3,130324.0
"2020-2024","0098",진단 초음파_복부,여,통원,"70_74세",195911.4,1.3,125435.0
"2020-2024","0098",진단 초음파_복부,남,통원,"70_74세",194833.0,1.3,129571.0
"2020-2024","0098",진단 초음파_복부,여,통원,"75_79세",125925.4,1.3,124800.0
"2020-2024","0098",진단 초음파_복부,남,통원,"75_79세",136290.2,1.4,129003.0
"2020-2024","0098",진단 초음파_복부,여,통원,"80세 이상",116233.4,1.3,122812.0
"2020-2024","0098",진단 초음파_복부,남,통원,"80세 이상",114712.6,1.4,127824.0
"2020-2024","0099","진단 초음파_근골격,연부",여,통원,"10_14세",223.4,1.3,90114.0
"2020-2024","0099","진단 초음파_근골격,연부",남,통원,"10_14세",295.0,1.4,90914.0
"2020-2024","0099","진단 초음파_근골격,연부",여,통원,"15_19세",318.2,1.5,109990.0
"2020-2024","0099","진단 초음파_근골격,연부",남,통원,"15_19세",436.4,1.4,94564.0
"2020-2024","0099","진단 초음파_근골격,연부",여,통원,"1_4세",1398.0,1.5,145158.0
"2020-2024","0099","진단 초음파_근골격,연부",남,통원,"1_4세",1418.2,1.4,140898.0
"2020-2024","0099","진단 초음파_근골격,연부",여,통원,"20_24세",584.6,1.5,116636.0
"2020-2024","0099","진단 초음파_근골격,연부",남,통원,"20_24세",623.6,1.3,96226.0
"2020-2024","0099","진단 초음파_근골격,연부",여,통원,"25_29세",1050.8,1.6,125093.0
"2020-2024","0099","진단 초음파_근골격,연부",남,통원,"25_29세",1018.4,1.3,98894.0
"2020-2024","0099","진단 초음파_근골격,연부",여,통원,"30_34세",1421.6,1.7,133001.0
"2020-2024","0099","진단 초음파_근골격,연부",남,통원,"30_34세",1349.4,1.3,104128.0
"2020-2024","0099","진단 초음파_근골격,연부",여,통원,"35_39세",1965.4,1.7,136607.0
"2020-2024","0099","진단 초음파_근골격,연부",남,통원,"35_39세",1631.2,1.4,105725.0
"2020-2024","0099","진단 초음파_근골격,연부",여,통원,"40_44세",3051.0,1.8,146672.0
"2020-2024","0099","진단 초음파_근골격,연부",남,통원,"40_44세",1953.8,1.4,110858.0
"2020-2024","0099","진단 초음파_근골격,연부",여,통원,"45_49세",4213.0,1.8,142855.0
"2020-2024","0099","진단 초음파_근골격,연부",남,통원,"45_49세",1981.8,1.5,114828.0
"2020-2024","0099","진단 초음파_근골격,연부",여,통원,"50_54세",6013.0,1.8,145134.0
"2020-2024","0099","진단 초음파_근골격,연부",남,통원,"50_54세",2221.2,1.5,118754.0
"2020-2024","0099","진단 초음파_근골격,연부",여,통원,"55_59세",5846.2,1.8,147140.0
"2020-2024","0099","진단 초음파_근골격,연부",남,통원,"55_59세",2395.0,1.5,119208.0
"2020-2024","0099","진단 초음파_근골격,연부",여,통원,"5_9세",149.0,1.3,88841.0
"2020-2024","0099","진단 초음파_근골격,연부",남,통원,"5_9세",203.0,1.5,98429.0
"2020-2024","0099","진단 초음파_근골격,연부",여,통원,"60_64세",6192.8,1.8,146850.0
"2020-2024","0099","진단 초음파_근골격,연부",남,통원,"60_64세",2800.0,1.6,120894.0
"2020-2024","0099","진단 초음파_근골격,연부",여,통원,"65_69세",4865.8,1.8,140271.0
"2020-2024","0099","진단 초음파_근골격,연부",남,통원,"65_69세",2463.0,1.6,124742.0
"2020-2024","0099","진단 초음파_근골격,연부",여,통원,"70_74세",3284.8,1.8,139541.0
"2020-2024","0099","진단 초음파_근골격,연부",남,통원,"70_74세",2655.6,1.5,105209.0
"2020-2024","0099","진단 초음파_근골격,연부",여,통원,"75_79세",2225.0,1.7,134125.0
"2020-2024","0099","진단 초음파_근골격,연부",남,통원,"75_79세",2277.0,1.4,95559.0
"2020-2024","0099","진단 초음파_근골격,연부",여,통원,"80세 이상",1935.4,1.6,120963.0
"2020-2024","0099","진단 초음파_근골격,연부",남,통원,"80세 이상",1226.2,1.5,101243.0
"2020-2024","0100",진단 초음파_혈관,여,통원,"10_14세",86.8,1.6,132877.0
"2020-2024","0100",진단 초음파_혈관,남,통원,"10_14세",98.0,1.6,138393.0
"2020-2024","0100",진단 초음파_혈관,여,통원,"15_19세",182.8,1.5,131572.0
"2020-2024","0100",진단 초음파_혈관,남,통원,"15_19세",182.8,1.5,132676.0
"2020-2024","0100",진단 초음파_혈관,여,통원,"1_4세",252.2,1.7,219250.0
"2020-2024","0100",진단 초음파_혈관,남,통원,"1_4세",312.0,1.6,218071.0
"2020-2024","0100",진단 초음파_혈관,여,통원,"20_24세",350.0,1.5,135636.0
"2020-2024","0100",진단 초음파_혈관,남,통원,"20_24세",302.6,1.7,141782.0
"2020-2024","0100",진단 초음파_혈관,여,통원,"25_29세",626.6,1.6,141569.0
"2020-2024","0100",진단 초음파_혈관,남,통원,"25_29세",604.4,1.6,134045.0
"2020-2024","0100",진단 초음파_혈관,여,통원,"30_34세",887.2,1.7,142367.0
"2020-2024","0100",진단 초음파_혈관,남,통원,"30_34세",1060.8,1.6,131929.0
"2020-2024","0100",진단 초음파_혈관,여,통원,"35_39세",1344.4,1.8,142727.0
"2020-2024","0100",진단 초음파_혈관,남,통원,"35_39세",1834.8,1.7,132569.0
"2020-2024","0100",진단 초음파_혈관,여,통원,"40_44세",2269.8,1.8,144536.0
"2020-2024","0100",진단 초음파_혈관,남,통원,"40_44세",3292.4,1.7,132544.0
"2020-2024","0100",진단 초음파_혈관,여,통원,"45_49세",3445.6,1.8,145806.0
"2020-2024","0100",진단 초음파_혈관,남,통원,"45_49세",4793.0,1.7,133762.0
"2020-2024","0100",진단 초음파_혈관,여,통원,"50_54세",5866.4,1.6,134285.0
"2020-2024","0100",진단 초음파_혈관,남,통원,"50_54세",7557.0,1.7,131314.0
"2020-2024","0100",진단 초음파_혈관,여,통원,"55_59세",7984.4,1.6,129570.0
"2020-2024","0100",진단 초음파_혈관,남,통원,"55_59세",10245.8,1.6,128938.0
"2020-2024","0100",진단 초음파_혈관,여,통원,"5_9세",65.0,1.8,136796.0
"2020-2024","0100",진단 초음파_혈관,남,통원,"5_9세",67.6,1.6,131009.0
"2020-2024","0100",진단 초음파_혈관,여,통원,"60_64세",11463.2,1.5,125545.0
"2020-2024","0100",진단 초음파_혈관,남,통원,"60_64세",14041.6,1.6,125616.0
"2020-2024","0100",진단 초음파_혈관,여,통원,"65_69세",11668.2,1.5,124304.0
"2020-2024","0100",진단 초음파_혈관,남,통원,"65_69세",13962.6,1.6,123641.0
"2020-2024","0100",진단 초음파_혈관,여,통원,"70_74세",10497.2,1.5,123594.0
"2020-2024","0100",진단 초음파_혈관,남,통원,"70_74세",13082.8,1.6,122940.0
"2020-2024","0100",진단 초음파_혈관,여,통원,"75_79세",9635.6,1.6,127378.0
"2020-2024","0100",진단 초음파_혈관,남,통원,"75_79세",11457.0,1.6,125049.0
"2020-2024","0100",진단 초음파_혈관,여,통원,"80세 이상",13768.8,1.7,134005.0
"2020-2024","0100",진단 초음파_혈관,남,통원,"80세 이상",11338.6,1.7,128443.0
"2020-2024","0101",진단 초음파_신경,여,통원,"10_14세",1.3,1.0,97050.0
"2020-2024","0101",진단 초음파_신경,남,통원,"10_14세",4.3,1.1,122234.0
"2020-2024","0101",진단 초음파_신경,여,통원,"15_19세",4.8,1.0,91929.0
"2020-2024","0101",진단 초음파_신경,남,통원,"15_19세",4.0,1.1,110823.0
"2020-2024","0101",진단 초음파_신경,여,통원,"1_4세",10106.0,1.9,309869.0
"2020-2024","0101",진단 초음파_신경,남,통원,"1_4세",12385.2,1.8,304653.0
"2020-2024","0101",진단 초음파_신경,여,통원,"20_24세",12.6,1.1,95918.0
"2020-2024","0101",진단 초음파_신경,남,통원,"20_24세",10.6,1.1,91555.0
"2020-2024","0101",진단 초음파_신경,여,통원,"25_29세",16.6,1.2,90935.0
"2020-2024","0101",진단 초음파_신경,남,통원,"25_29세",15.2,1.1,80556.0
"2020-2024","0101",진단 초음파_신경,여,통원,"30_34세",13.6,1.1,98605.0
"2020-2024","0101",진단 초음파_신경,남,통원,"30_34세",17.6,1.2,89720.0
"2020-2024","0101",진단 초음파_신경,여,통원,"35_39세",18.6,1.2,89164.0
"2020-2024","0101",진단 초음파_신경,남,통원,"35_39세",18.6,1.4,95416.0
"2020-2024","0101",진단 초음파_신경,여,통원,"40_44세",20.2,1.2,90393.0
"2020-2024","0101",진단 초음파_신경,남,통원,"40_44세",21.0,1.3,96904.0
"2020-2024","0101",진단 초음파_신경,여,통원,"45_49세",26.6,1.4,85457.0
"2020-2024","0101",진단 초음파_신경,남,통원,"45_49세",23.6,1.3,85528.0
"2020-2024","0101",진단 초음파_신경,여,통원,"50_54세",39.2,1.4,85877.0
"2020-2024","0101",진단 초음파_신경,남,통원,"50_54세",28.8,1.4,88435.0
"2020-2024","0101",진단 초음파_신경,여,통원,"55_59세",35.8,1.3,82024.0
"2020-2024","0101",진단 초음파_신경,남,통원,"55_59세",36.2,1.3,86491.0
"2020-2024","0101",진단 초음파_신경,여,통원,"5_9세",2.0,1.0,148813.0
"2020-2024","0101",진단 초음파_신경,남,통원,"5_9세",2.0,1.0,131671.0
"2020-2024","0101",진단 초음파_신경,여,통원,"60_64세",48.0,1.4,89789.0
"2020-2024","0101",진단 초음파_신경,남,통원,"60_64세",49.0,1.3,89855.0
"2020-2024","0101",진단 초음파_신경,여,통원,"65_69세",34.2,1.5,96059.0
"2020-2024","0101",진단 초음파_신경,남,통원,"65_69세",42.4,1.3,81296.0
"2020-2024","0101",진단 초음파_신경,여,통원,"70_74세",26.2,1.3,84685.0
"2020-2024","0101",진단 초음파_신경,남,통원,"70_74세",43.0,1.2,81364.0
"2020-2024","0101",진단 초음파_신경,여,통원,"75_79세",21.2,1.4,80911.0
"2020-2024","0101",진단 초음파_신경,남,통원,"75_79세",43.0,1.2,67847.0
"2020-2024","0101",진단 초음파_신경,여,통원,"80세 이상",19.4,1.5,71035.0
"2020-2024","0101",진단 초음파_신경,남,통원,"80세 이상",25.6,1.2,60979.0
"2020-2024","0102",진단 초음파_임산부,여,통원,"10_14세",40.4,1.8,166427.0
"2020-2024","0102",진단 초음파_임산부,여,통원,"15_19세",2716.4,2.9,269785.0
"2020-2024","0102",진단 초음파_임산부,여,통원,"20_24세",20391.4,4.5,437623.0
"2020-2024","0102",진단 초음파_임산부,여,통원,"25_29세",93271.6,5.8,566401.0
"2020-2024","0102",진단 초음파_임산부,여,통원,"30_34세",219515.8,6.1,606574.0
"2020-2024","0102",진단 초음파_임산부,여,통원,"35_39세",138091.8,5.8,572406.0
"2020-2024","0102",진단 초음파_임산부,여,통원,"40_44세",35026.4,4.9,467539.0
"2020-2024","0102",진단 초음파_임산부,여,통원,"45_49세",1669.6,3.2,271785.0
"2020-2024","0102",진단 초음파_임산부,여,통원,"50_54세",37.6,2.8,241409.0
"2020-2024","0102",진단 초음파_임산부,여,통원,"55_59세",3.4,4.6,432814.0
"2020-2024","0102",진단 초음파_임산부,여,통원,"60_64세",2.0,2.1,179912.0
"2020-2024","0102",진단 초음파_임산부,여,통원,"65_69세",1.0,1.0,66965.0
"2020-2024","0106",초음파 검사,여,통원,"10_14세",40363.0,1.4,131554.0
"2020-2024","0106",초음파 검사,남,통원,"10_14세",38434.4,1.4,133973.0
"2020-2024","0106",초음파 검사,여,통원,"15_19세",111664.0,1.4,129574.0
"2020-2024","0106",초음파 검사,남,통원,"15_19세",43580.6,1.3,135568.0
"2020-2024","0106",초음파 검사,여,통원,"1_4세",57296.2,2.4,421576.0
"2020-2024","0106",초음파 검사,남,통원,"1_4세",75078.0,2.3,387550.0
"2020-2024","0106",초음파 검사,여,통원,"20_24세",318160.4,1.8,156856.0
"2020-2024","0106",초음파 검사,남,통원,"20_24세",63387.2,1.3,127565.0
"2020-2024","0106",초음파 검사,여,통원,"25_29세",544038.6,2.7,232723.0
"2020-2024","0106",초음파 검사,남,통원,"25_29세",101221.2,1.3,126599.0
"2020-2024","0106",초음파 검사,여,통원,"30_34세",703459.4,4.1,338906.0
"2020-2024","0106",초음파 검사,남,통원,"30_34세",128629.6,1.3,129944.0
"2020-2024","0106",초음파 검사,여,통원,"35_39세",672702.2,3.4,280262.0
"2020-2024","0106",초음파 검사,남,통원,"35_39세",160557.2,1.4,134133.0
"2020-2024","0106",초음파 검사,여,통원,"40_44세",729443.8,2.4,203849.0
"2020-2024","0106",초음파 검사,남,통원,"40_44세",211146.6,1.4,138809.0
"2020-2024","0106",초음파 검사,여,통원,"45_49세",747322.6,2.0,182246.0
"2020-2024","0106",초음파 검사,남,통원,"45_49세",229831.2,1.4,143070.0
"2020-2024","0106",초음파 검사,여,통원,"50_54세",778471.0,1.8,173975.0
"2020-2024","0106",초음파 검사,남,통원,"50_54세",288256.8,1.4,148912.0
"2020-2024","0106",초음파 검사,여,통원,"55_59세",637621.8,1.7,166418.0
"2020-2024","0106",초음파 검사,남,통원,"55_59세",323864.8,1.5,155167.0
"2020-2024","0106",초음파 검사,여,통원,"5_9세",38565.0,1.4,150531.0
"2020-2024","0106",초음파 검사,남,통원,"5_9세",36623.0,1.4,158428.0
"2020-2024","0106",초음파 검사,여,통원,"60_64세",618492.6,1.7,166317.0
"2020-2024","0106",초음파 검사,남,통원,"60_64세",402588.2,1.6,161087.0
"2020-2024","0106",초음파 검사,여,통원,"65_69세",448885.8,1.7,168395.0
"2020-2024","0106",초음파 검사,남,통원,"65_69세",357884.4,1.6,168389.0
"2020-2024","0106",초음파 검사,여,통원,"70_74세",301411.6,1.6,170924.0
"2020-2024","0106",초음파 검사,남,통원,"70_74세",276495.0,1.7,174541.0
"2020-2024","0106",초음파 검사,여,통원,"75_79세",213429.8,1.7,176857.0
"2020-2024","0106",초음파 검사,남,통원,"75_79세",205547.0,1.8,181303.0
"2020-2024","0106",초음파 검사,여,통원,"80세 이상",246092.8,1.7,186337.0
"2020-2024","0106",초음파 검사,남,통원,"80세 이상",195485.2,1.8,188632.0
"2020-2024","0112",투석_혈액투석,여,통원,"10_14세",13.4,43.8,4769377.0
"2020-2024","0112",투석_혈액투석,남,통원,"10_14세",13.8,32.9,3539883.0
"2020-2024","0112",투석_혈액투석,여,통원,"15_19세",32.0,47.2,5127433.0
"2020-2024","0112",투석_혈액투석,남,통원,"15_19세",36.4,36.2,3903425.0
"2020-2024","0112",투석_혈액투석,여,통원,"1_4세",4.2,13.8,2180983.0
"2020-2024","0112",투석_혈액투석,남,통원,"1_4세",7.2,54.7,6821723.0
"2020-2024","0112",투석_혈액투석,여,통원,"20_24세",76.4,63.0,6761650.0
"2020-2024","0112",투석_혈액투석,남,통원,"20_24세",115.8,73.0,7858197.0
"2020-2024","0112",투석_혈액투석,여,통원,"25_29세",216.0,84.5,9124471.0
"2020-2024","0112",투석_혈액투석,남,통원,"25_29세",307.0,86.8,9307096.0
"2020-2024","0112",투석_혈액투석,여,통원,"30_34세",387.8,92.1,9892548.0
"2020-2024","0112",투석_혈액투석,남,통원,"30_34세",575.2,94.2,10131034
"2020-2024","0112",투석_혈액투석,여,통원,"35_39세",609.2,96.4,10332483
"2020-2024","0112",투석_혈액투석,남,통원,"35_39세",1049.8,97.9,10513883
"2020-2024","0112",투석_혈액투석,여,통원,"40_44세",1032.0,100.9,10834811
"2020-2024","0112",투석_혈액투석,남,통원,"40_44세",1802.0,99.8,10734293
"2020-2024","0112",투석_혈액투석,여,통원,"45_49세",1541.4,103.5,11089436
"2020-2024","0112",투석_혈액투석,남,통원,"45_49세",2725.8,101.4,10900298
"2020-2024","0112",투석_혈액투석,여,통원,"50_54세",2428.4,107.1,11467743
"2020-2024","0112",투석_혈액투석,남,통원,"50_54세",4168.4,101.1,10862325
"2020-2024","0112",투석_혈액투석,여,통원,"55_59세",3153.2,108.2,11570506
"2020-2024","0112",투석_혈액투석,남,통원,"55_59세",5432.8,101.7,10891172
"2020-2024","0112",투석_혈액투석,여,통원,"5_9세",6.6,23.6,2691681.0
"2020-2024","0112",투석_혈액투석,남,통원,"5_9세",9.6,35.8,3963714.0
"2020-2024","0112",투석_혈액투석,여,통원,"60_64세",4414.6,108.9,11631155
"2020-2024","0112",투석_혈액투석,남,통원,"60_64세",7381.2,103.9,11112269
"2020-2024","0112",투석_혈액투석,여,통원,"65_69세",4963.8,107.8,11515042
"2020-2024","0112",투석_혈액투석,남,통원,"65_69세",8067.2,103.5,11074232
"2020-2024","0112",투석_혈액투석,여,통원,"70_74세",5197.6,104.7,11132864
"2020-2024","0112",투석_혈액투석,남,통원,"70_74세",7950.0,101.8,10850870
"2020-2024","0112",투석_혈액투석,여,통원,"75_79세",5556.4,98.5,10421592
"2020-2024","0112",투석_혈액투석,남,통원,"75_79세",7278.6,95.8,10189335
"2020-2024","0112",투석_혈액투석,여,통원,"80세 이상",8155.2,93.5,9836168.0
"2020-2024","0112",투석_혈액투석,남,통원,"80세 이상",8238.0,92.1,9779696.0
"2020-2024","0113",투석_복막투석,여,통원,"10_14세",12.0,10.4,537496.0
"2020-2024","0113",투석_복막투석,남,통원,"10_14세",11.6,7.0,417064.0
"2020-2024","0113",투석_복막투석,여,통원,"15_19세",15.4,7.2,379283.0
"2020-2024","0113",투석_복막투석,남,통원,"15_19세",20.4,7.3,418409.0
"2020-2024","0113",투석_복막투석,여,통원,"1_4세",75.0,9.9,1309701.0
"2020-2024","0113",투석_복막투석,남,통원,"1_4세",96.2,11.8,1452083.0
"2020-2024","0113",투석_복막투석,여,통원,"20_24세",31.4,6.0,269938.0
"2020-2024","0113",투석_복막투석,남,통원,"20_24세",34.8,5.8,272195.0
"2020-2024","0113",투석_복막투석,여,통원,"25_29세",65.2,5.6,254175.0
"2020-2024","0113",투석_복막투석,남,통원,"25_29세",60.8,6.0,275670.0
"2020-2024","0113",투석_복막투석,여,통원,"30_34세",88.6,7.5,332188.0
"2020-2024","0113",투석_복막투석,남,통원,"30_34세",89.8,6.4,300530.0
"2020-2024","0113",투석_복막투석,여,통원,"35_39세",138.0,6.1,277594.0
"2020-2024","0113",투석_복막투석,남,통원,"35_39세",140.2,8.2,351045.0
"2020-2024","0113",투석_복막투석,여,통원,"40_44세",219.2,6.7,291032.0
"2020-2024","0113",투석_복막투석,남,통원,"40_44세",237.4,6.9,312124.0
"2020-2024","0113",투석_복막투석,여,통원,"45_49세",310.6,6.6,274516.0
"2020-2024","0113",투석_복막투석,남,통원,"45_49세",341.6,7.5,330406.0
"2020-2024","0113",투석_복막투석,여,통원,"50_54세",387.4,7.2,295693.0
"2020-2024","0113",투석_복막투석,남,통원,"50_54세",517.4,8.3,343202.0
"2020-2024","0113",투석_복막투석,여,통원,"55_59세",373.6,8.0,317473.0
"2020-2024","0113",투석_복막투석,남,통원,"55_59세",553.0,8.8,366924.0
"2020-2024","0113",투석_복막투석,여,통원,"5_9세",9.6,10.8,484938.0
"2020-2024","0113",투석_복막투석,남,통원,"5_9세",7.4,18.7,1103627.0
"2020-2024","0113",투석_복막투석,여,통원,"60_64세",355.8,8.8,348750.0
"2020-2024","0113",투석_복막투석,남,통원,"60_64세",579.4,8.7,351915.0
"2020-2024","0113",투석_복막투석,여,통원,"65_69세",257.2,12.8,477843.0
"2020-2024","0113",투석_복막투석,남,통원,"65_69세",416.0,9.8,394692.0
"2020-2024","0113",투석_복막투석,여,통원,"70_74세",165.4,14.2,530867.0
"2020-2024","0113",투석_복막투석,남,통원,"70_74세",255.6,13.8,522939.0
"2020-2024","0113",투석_복막투석,여,통원,"75_79세",101.2,16.0,590012.0
"2020-2024","0113",투석_복막투석,남,통원,"75_79세",132.8,17.2,636567.0
"2020-2024","0113",투석_복막투석,여,통원,"80세 이상",75.8,21.3,769743.0
"2020-2024","0113",투석_복막투석,남,통원,"80세 이상",94.0,27.1,957570.0
"2020-2024","0114",특수 초음파-심장,여,통원,"10_14세",26.4,1.5,429997.0
"2020-2024","0114",특수 초음파-심장,남,통원,"10_14세",22.4,1.4,429294.0
"2020-2024","0114",특수 초음파-심장,여,통원,"15_19세",46.6,1.4,445279.0
"2020-2024","0114",특수 초음파-심장,남,통원,"15_19세",61.2,1.3,438164.0
"2020-2024","0114",특수 초음파-심장,여,통원,"1_4세",64.2,1.5,551573.0
"2020-2024","0114",특수 초음파-심장,남,통원,"1_4세",34.8,1.6,547352.0
"2020-2024","0114",특수 초음파-심장,여,통원,"20_24세",89.6,1.5,481791.0
"2020-2024","0114",특수 초음파-심장,남,통원,"20_24세",93.6,1.4,443356.0
"2020-2024","0114",특수 초음파-심장,여,통원,"25_29세",131.2,1.4,463506.0
"2020-2024","0114",특수 초음파-심장,남,통원,"25_29세",133.6,1.3,433291.0
"2020-2024","0114",특수 초음파-심장,여,통원,"30_34세",163.6,1.4,452022.0
"2020-2024","0114",특수 초음파-심장,남,통원,"30_34세",196.8,1.3,445589.0
"2020-2024","0114",특수 초음파-심장,여,통원,"35_39세",203.4,1.4,462045.0
"2020-2024","0114",특수 초음파-심장,남,통원,"35_39세",324.4,1.3,444245.0
"2020-2024","0114",특수 초음파-심장,여,통원,"40_44세",297.6,1.3,456337.0
"2020-2024","0114",특수 초음파-심장,남,통원,"40_44세",561.2,1.3,459335.0
"2020-2024","0114",특수 초음파-심장,여,통원,"45_49세",394.0,1.3,446983.0
"2020-2024","0114",특수 초음파-심장,남,통원,"45_49세",806.4,1.3,458164.0
"2020-2024","0114",특수 초음파-심장,여,통원,"50_54세",576.6,1.3,454721.0
"2020-2024","0114",특수 초음파-심장,남,통원,"50_54세",1254.4,1.3,464120.0
"2020-2024","0114",특수 초음파-심장,여,통원,"55_59세",714.6,1.3,447033.0
"2020-2024","0114",특수 초음파-심장,남,통원,"55_59세",1644.2,1.3,457882.0
"2020-2024","0114",특수 초음파-심장,여,통원,"5_9세",42.4,1.5,451445.0
"2020-2024","0114",특수 초음파-심장,남,통원,"5_9세",23.8,1.5,469581.0
"2020-2024","0114",특수 초음파-심장,여,통원,"60_64세",1029.2,1.3,449739.0
"2020-2024","0114",특수 초음파-심장,남,통원,"60_64세",2149.4,1.3,459737.0
"2020-2024","0114",특수 초음파-심장,여,통원,"65_69세",1092.6,1.2,452384.0
"2020-2024","0114",특수 초음파-심장,남,통원,"65_69세",1937.4,1.2,460724.0
"2020-2024","0114",특수 초음파-심장,여,통원,"70_74세",976.0,1.2,438431.0
"2020-2024","0114",특수 초음파-심장,남,통원,"70_74세",1406.0,1.2,446257.0
"2020-2024","0114",특수 초음파-심장,여,통원,"75_79세",863.4,1.2,428772.0
"2020-2024","0114",특수 초음파-심장,남,통원,"75_79세",972.0,1.2,434053.0
"2020-2024","0114",특수 초음파-심장,여,통원,"80세 이상",1017.8,1.2,435569.0
"2020-2024","0114",특수 초음파-심장,남,통원,"80세 이상",860.2,1.2,433490.0
"2020-2024","0118",반월상연골봉합술,여,수술,"10_14세",109.4,1.2,364686.0
"2020-2024","0118",반월상연골봉합술,남,수술,"10_14세",148.0,1.1,385129.0
"2020-2024","0118",반월상연골봉합술,여,수술,"15_19세",233.0,1.0,300417.0
"2020-2024","0118",반월상연골봉합술,남,수술,"15_19세",898.0,1.0,313609.0
"2020-2024","0118",반월상연골봉합술,여,수술,"1_4세",3.0,1.0,516799.0
"2020-2024","0118",반월상연골봉합술,남,수술,"1_4세",1.3,1.0,517381.0
"2020-2024","0118",반월상연골봉합술,여,수술,"20_24세",224.0,1.0,297516.0
"2020-2024","0118",반월상연골봉합술,남,수술,"20_24세",1205.4,1.0,295427.0
"2020-2024","0118",반월상연골봉합술,여,수술,"25_29세",225.0,1.0,305345.0
"2020-2024","0118",반월상연골봉합술,남,수술,"25_29세",1095.4,1.0,289768.0
"2020-2024","0118",반월상연골봉합술,여,수술,"30_34세",186.8,1.0,317892.0
"2020-2024","0118",반월상연골봉합술,남,수술,"30_34세",914.2,1.0,294133.0
"2020-2024","0118",반월상연골봉합술,여,수술,"35_39세",243.4,1.0,326163.0
"2020-2024","0118",반월상연골봉합술,남,수술,"35_39세",756.4,1.0,310094.0
"2020-2024","0118",반월상연골봉합술,여,수술,"40_44세",361.2,1.0,338889.0
"2020-2024","0118",반월상연골봉합술,남,수술,"40_44세",688.6,1.0,320747.0
"2020-2024","0118",반월상연골봉합술,여,수술,"45_49세",593.8,1.0,363288.0
"2020-2024","0118",반월상연골봉합술,남,수술,"45_49세",674.4,1.0,334094.0
"2020-2024","0118",반월상연골봉합술,여,수술,"50_54세",1207.2,1.0,373638.0
"2020-2024","0118",반월상연골봉합술,남,수술,"50_54세",714.4,1.0,344621.0
"2020-2024","0118",반월상연골봉합술,여,수술,"55_59세",1662.0,1.0,374600.0
"2020-2024","0118",반월상연골봉합술,남,수술,"55_59세",699.4,1.0,350644.0
"2020-2024","0118",반월상연골봉합술,여,수술,"5_9세",26.0,1.2,454933.0
"2020-2024","0118",반월상연골봉합술,남,수술,"5_9세",25.4,1.1,422784.0
"2020-2024","0118",반월상연골봉합술,여,수술,"60_64세",1884.0,1.0,379925.0
"2020-2024","0118",반월상연골봉합술,남,수술,"60_64세",683.6,1.0,365645.0
"2020-2024","0118",반월상연골봉합술,여,수술,"65_69세",1196.0,1.1,387045.0
"2020-2024","0118",반월상연골봉합술,남,수술,"65_69세",374.4,1.0,374640.0
"2020-2024","0118",반월상연골봉합술,여,수술,"70_74세",469.2,1.1,404892.0
"2020-2024","0118",반월상연골봉합술,남,수술,"70_74세",160.4,1.1,382564.0
"2020-2024","0118",반월상연골봉합술,여,수술,"75_79세",178.6,1.1,400825.0
"2020-2024","0118",반월상연골봉합술,남,수술,"75_79세",63.4,1.1,382429.0
"2020-2024","0118",반월상연골봉합술,여,수술,"80세 이상",75.8,1.0,397360.0
"2020-2024","0118",반월상연골봉합술,남,수술,"80세 이상",23.6,1.0,388688.0
"2020-2024","0119",반월상연골이식술,여,통원,"10_14세",1.0,1.0,654456.0
"2020-2024","0119",반월상연골이식술,남,통원,"10_14세",1.0,1.0,709815.0
"2020-2024","0119",반월상연골이식술,여,통원,"15_19세",3.3,1.4,678396.0
"2020-2024","0119",반월상연골이식술,남,통원,"15_19세",9.4,1.1,680990.0
"2020-2024","0119",반월상연골이식술,여,통원,"20_24세",11.4,1.2,694545.0
"2020-2024","0119",반월상연골이식술,남,통원,"20_24세",51.2,1.2,697880.0
"2020-2024","0119",반월상연골이식술,여,통원,"25_29세",13.4,1.2,691034.0
"2020-2024","0119",반월상연골이식술,남,통원,"25_29세",36.0,1.2,701239.0
"2020-2024","0119",반월상연골이식술,여,통원,"30_34세",13.6,1.4,708541.0
"2020-2024","0119",반월상연골이식술,남,통원,"30_34세",34.8,1.3,715997.0
"2020-2024","0119",반월상연골이식술,여,통원,"35_39세",17.8,1.3,713214.0
"2020-2024","0119",반월상연골이식술,남,통원,"35_39세",43.6,1.4,738874.0
"2020-2024","0119",반월상연골이식술,여,통원,"40_44세",35.0,1.4,712033.0
"2020-2024","0119",반월상연골이식술,남,통원,"40_44세",50.6,1.3,726230.0
"2020-2024","0119",반월상연골이식술,여,통원,"45_49세",32.6,1.2,707013.0
"2020-2024","0119",반월상연골이식술,남,통원,"45_49세",37.6,1.2,691350.0
"2020-2024","0119",반월상연골이식술,여,통원,"50_54세",32.4,1.1,694314.0
"2020-2024","0119",반월상연골이식술,남,통원,"50_54세",29.4,1.2,677127.0
"2020-2024","0119",반월상연골이식술,여,통원,"55_59세",19.2,1.0,644920.0
"2020-2024","0119",반월상연골이식술,남,통원,"55_59세",16.4,1.1,692689.0
"2020-2024","0119",반월상연골이식술,여,통원,"60_64세",10.4,1.1,682547.0
"2020-2024","0119",반월상연골이식술,남,통원,"60_64세",7.0,1.0,698540.0
"2020-2024","0119",반월상연골이식술,여,통원,"65_69세",3.8,1.0,625583.0
"2020-2024","0119",반월상연골이식술,남,통원,"65_69세",3.8,1.0,665580.0
"2020-2024","0119",반월상연골이식술,여,통원,"70_74세",1.7,1.0,643787.0
"2020-2024","0119",반월상연골이식술,남,통원,"75_79세",1.0,1.0,644598.0
"2020-2024","0121",풍선 소장 내시경,남,통원,"10_14세",1.3,1.8,728705.0
"2020-2024","0121",풍선 소장 내시경,여,통원,"15_19세",3.0,1.3,556520.0
"2020-2024","0121",풍선 소장 내시경,남,통원,"15_19세",5.8,1.2,512385.0
"2020-2024","0121",풍선 소장 내시경,여,통원,"1_4세",1.0,1.0,123604.0
"2020-2024","0121",풍선 소장 내시경,여,통원,"20_24세",6.8,1.3,534522.0
"2020-2024","0121",풍선 소장 내시경,남,통원,"20_24세",27.2,1.3,530254.0
"2020-2024","0121",풍선 소장 내시경,여,통원,"25_29세",10.4,1.1,505553.0
"2020-2024","0121",풍선 소장 내시경,남,통원,"25_29세",36.0,1.2,521676.0
"2020-2024","0121",풍선 소장 내시경,여,통원,"30_34세",12.6,1.2,508581.0
"2020-2024","0121",풍선 소장 내시경,남,통원,"30_34세",24.8,1.3,552453.0
"2020-2024","0121",풍선 소장 내시경,여,통원,"35_39세",11.4,1.4,498802.0
"2020-2024","0121",풍선 소장 내시경,남,통원,"35_39세",27.0,1.3,510433.0
"2020-2024","0121",풍선 소장 내시경,여,통원,"40_44세",10.8,1.3,508076.0
"2020-2024","0121",풍선 소장 내시경,남,통원,"40_44세",25.0,1.2,489906.0
"2020-2024","0121",풍선 소장 내시경,여,통원,"45_49세",14.4,1.2,446661.0
"2020-2024","0121",풍선 소장 내시경,남,통원,"45_49세",25.2,1.2,479169.0
"2020-2024","0121",풍선 소장 내시경,여,통원,"50_54세",21.4,1.3,462784.0
"2020-2024","0121",풍선 소장 내시경,남,통원,"50_54세",28.6,1.3,491445.0
"2020-2024","0121",풍선 소장 내시경,여,통원,"55_59세",17.2,1.3,460644.0
"2020-2024","0121",풍선 소장 내시경,남,통원,"55_59세",36.2,1.2,447606.0
"2020-2024","0121",풍선 소장 내시경,남,통원,"5_9세",1.0,1.0,474520.0
"2020-2024","0121",풍선 소장 내시경,여,통원,"60_64세",24.8,1.2,442616.0
"2020-2024","0121",풍선 소장 내시경,남,통원,"60_64세",49.2,1.2,448894.0
"2020-2024","0121",풍선 소장 내시경,여,통원,"65_69세",27.4,1.2,423886.0
"2020-2024","0121",풍선 소장 내시경,남,통원,"65_69세",49.2,1.3,471070.0
"2020-2024","0121",풍선 소장 내시경,여,통원,"70_74세",24.2,1.4,517763.0
"2020-2024","0121",풍선 소장 내시경,남,통원,"70_74세",49.0,1.3,484471.0
"2020-2024","0121",풍선 소장 내시경,여,통원,"75_79세",23.6,1.3,473243.0
"2020-2024","0121",풍선 소장 내시경,남,통원,"75_79세",43.2,1.3,500684.0
"2020-2024","0121",풍선 소장 내시경,여,통원,"80세 이상",28.4,1.3,494482.0
"2020-2024","0121",풍선 소장 내시경,남,통원,"80세 이상",32.0,1.3,517675.0
"2020-2024","0124",후두경검사,여,통원,"10_14세",16971.2,1.4,38731.0
"2020-2024","0124",후두경검사,남,통원,"10_14세",19916.0,1.4,38993.0
"2020-2024","0124",후두경검사,여,통원,"15_19세",33748.2,1.5,41319.0
"2020-2024","0124",후두경검사,남,통원,"15_19세",31561.4,1.5,41344.0
"2020-2024","0124",후두경검사,여,통원,"1_4세",2663.0,1.4,51228.0
"2020-2024","0124",후두경검사,남,통원,"1_4세",3326.4,1.4,50835.0
"2020-2024","0124",후두경검사,여,통원,"20_24세",63082.6,1.4,39319.0
"2020-2024","0124",후두경검사,남,통원,"20_24세",42412.8,1.4,39633.0
"2020-2024","0124",후두경검사,여,통원,"25_29세",90294.0,1.4,39987.0
"2020-2024","0124",후두경검사,남,통원,"25_29세",59902.6,1.4,39525.0
"2020-2024","0124",후두경검사,여,통원,"30_34세",95643.0,1.5,41142.0
"2020-2024","0124",후두경검사,남,통원,"30_34세",68011.6,1.4,39944.0
"2020-2024","0124",후두경검사,여,통원,"35_39세",101123.8,1.6,42787.0
"2020-2024","0124",후두경검사,남,통원,"35_39세",71753.4,1.5,40916.0
"2020-2024","0124",후두경검사,여,통원,"40_44세",99119.0,1.6,43048.0
"2020-2024","0124",후두경검사,남,통원,"40_44세",71358.0,1.5,41935.0
"2020-2024","0124",후두경검사,여,통원,"45_49세",87921.0,1.6,43092.0
"2020-2024","0124",후두경검사,남,통원,"45_49세",60890.6,1.6,43303.0
"2020-2024","0124",후두경검사,여,통원,"50_54세",99926.6,1.6,43836.0
"2020-2024","0124",후두경검사,남,통원,"50_54세",62139.0,1.6,44900.0
"2020-2024","0124",후두경검사,여,통원,"55_59세",102572.2,1.6,44431.0
"2020-2024","0124",후두경검사,남,통원,"55_59세",63521.2,1.7,47289.0
"2020-2024","0124",후두경검사,여,통원,"5_9세",7358.4,1.4,38764.0
"2020-2024","0124",후두경검사,남,통원,"5_9세",10803.8,1.4,38876.0
"2020-2024","0124",후두경검사,여,통원,"60_64세",111308.0,1.7,45359.0
"2020-2024","0124",후두경검사,남,통원,"60_64세",73923.8,1.8,49266.0
"2020-2024","0124",후두경검사,여,통원,"65_69세",83662.6,1.7,46046.0
"2020-2024","0124",후두경검사,남,통원,"65_69세",64741.4,1.8,50908.0
"2020-2024","0124",후두경검사,여,통원,"70_74세",51694.0,1.7,46017.0
"2020-2024","0124",후두경검사,남,통원,"70_74세",47635.0,1.9,52294.0
"2020-2024","0124",후두경검사,여,통원,"75_79세",32780.4,1.7,45934.0
"2020-2024","0124",후두경검사,남,통원,"75_79세",33551.4,1.9,53482.0
"2020-2024","0124",후두경검사,여,통원,"80세 이상",27761.8,1.6,44442.0
"2020-2024","0124",후두경검사,남,통원,"80세 이상",24704.6,1.9,50949.0
"2020-2024","0127",자기공명영상진단(MRI)_판독료 등 제외,여,통원,"10_14세",8901.0,1.8,389949.0
"2020-2024","0127",자기공명영상진단(MRI)_판독료 등 제외,남,통원,"10_14세",11028.0,1.7,379141.0
"2020-2024","0127",자기공명영상진단(MRI)_판독료 등 제외,여,통원,"15_19세",10332.0,1.9,399498.0
"2020-2024","0127",자기공명영상진단(MRI)_판독료 등 제외,남,통원,"15_19세",13192.0,1.7,384843.0
"2020-2024","0127",자기공명영상진단(MRI)_판독료 등 제외,여,통원,"1_4세",5417.8,1.8,446638.0
"2020-2024","0127",자기공명영상진단(MRI)_판독료 등 제외,남,통원,"1_4세",6613.8,1.8,434348.0
"2020-2024","0127",자기공명영상진단(MRI)_판독료 등 제외,여,통원,"20_24세",13427.8,1.9,404567.0
"2020-2024","0127",자기공명영상진단(MRI)_판독료 등 제외,남,통원,"20_24세",15392.8,1.8,377398.0
"2020-2024","0127",자기공명영상진단(MRI)_판독료 등 제외,여,통원,"25_29세",20555.4,1.9,403848.0
"2020-2024","0127",자기공명영상진단(MRI)_판독료 등 제외,남,통원,"25_29세",18607.4,1.8,381684.0
"2020-2024","0127",자기공명영상진단(MRI)_판독료 등 제외,여,통원,"30_34세",26404.2,1.9,408463.0
"2020-2024","0127",자기공명영상진단(MRI)_판독료 등 제외,남,통원,"30_34세",21193.8,1.9,392545.0
"2020-2024","0127",자기공명영상진단(MRI)_판독료 등 제외,여,통원,"35_39세",36078.8,2.0,419160.0
"2020-2024","0127",자기공명영상진단(MRI)_판독료 등 제외,남,통원,"35_39세",27025.2,2.0,406133.0
"2020-2024","0127",자기공명영상진단(MRI)_판독료 등 제외,여,통원,"40_44세",53992.4,2.0,427751.0
"2020-2024","0127",자기공명영상진단(MRI)_판독료 등 제외,남,통원,"40_44세",36101.4,2.0,416342.0
"2020-2024","0127",자기공명영상진단(MRI)_판독료 등 제외,여,통원,"45_49세",70730.6,2.0,434557.0
"2020-2024","0127",자기공명영상진단(MRI)_판독료 등 제외,남,통원,"45_49세",44091.2,2.1,429908.0
"2020-2024","0127",자기공명영상진단(MRI)_판독료 등 제외,여,통원,"50_54세",94048.4,2.1,434981.0
"2020-2024","0127",자기공명영상진단(MRI)_판독료 등 제외,남,통원,"50_54세",61288.6,2.2,445190.0
"2020-2024","0127",자기공명영상진단(MRI)_판독료 등 제외,여,통원,"55_59세",105749.6,2.1,434481.0
"2020-2024","0127",자기공명영상진단(MRI)_판독료 등 제외,남,통원,"55_59세",79163.0,2.2,456863.0
"2020-2024","0127",자기공명영상진단(MRI)_판독료 등 제외,여,통원,"5_9세",11498.2,1.4,340103.0
"2020-2024","0127",자기공명영상진단(MRI)_판독료 등 제외,남,통원,"5_9세",8768.0,1.6,369314.0
"2020-2024","0127",자기공명영상진단(MRI)_판독료 등 제외,여,통원,"60_64세",131501.2,2.1,432792.0
"2020-2024","0127",자기공명영상진단(MRI)_판독료 등 제외,남,통원,"60_64세",106661.0,2.3,465685.0
"2020-2024","0127",자기공명영상진단(MRI)_판독료 등 제외,여,통원,"65_69세",122658.8,2.1,430067.0
"2020-2024","0127",자기공명영상진단(MRI)_판독료 등 제외,남,통원,"65_69세",107149.2,2.3,471644.0
"2020-2024","0127",자기공명영상진단(MRI)_판독료 등 제외,여,통원,"70_74세",107367.4,2.1,426774.0
"2020-2024","0127",자기공명영상진단(MRI)_판독료 등 제외,남,통원,"70_74세",100513.2,2.3,472822.0
"2020-2024","0127",자기공명영상진단(MRI)_판독료 등 제외,여,통원,"75_79세",103056.6,2.1,421909.0
"2020-2024","0127",자기공명영상진단(MRI)_판독료 등 제외,남,통원,"75_79세",90293.2,2.3,468341.0
"2020-2024","0127",자기공명영상진단(MRI)_판독료 등 제외,여,통원,"80세 이상",156020.6,2.2,403261.0
"2020-2024","0127",자기공명영상진단(MRI)_판독료 등 제외,남,통원,"80세 이상",98318.6,2.3,444209.0
"2020-2024","0128",방사선치료,여,통원,"10_14세",86.8,11.5,7262237.0
"2020-2024","0128",방사선치료,남,통원,"10_14세",105.6,15.0,9430132.0
"2020-2024","0128",방사선치료,여,통원,"15_19세",148.8,7.4,4337253.0
"2020-2024","0128",방사선치료,남,통원,"15_19세",156.0,13.0,7420047.0
"2020-2024","0128",방사선치료,여,통원,"1_4세",35.2,17.6,14072499
"2020-2024","0128",방사선치료,남,통원,"1_4세",49.6,16.4,12933718
"2020-2024","0128",방사선치료,여,통원,"20_24세",405.8,6.7,3097347.0
"2020-2024","0128",방사선치료,남,통원,"20_24세",267.0,10.7,5538715.0
"2020-2024","0128",방사선치료,여,통원,"25_29세",869.4,8.9,3668181.0
"2020-2024","0128",방사선치료,남,통원,"25_29세",451.0,9.2,4562587.0
"2020-2024","0128",방사선치료,여,통원,"30_34세",1476.8,12.2,4878006.0
"2020-2024","0128",방사선치료,남,통원,"30_34세",609.8,8.5,4130800.0
"2020-2024","0128",방사선치료,여,통원,"35_39세",2676.4,14.9,5772687.0
"2020-2024","0128",방사선치료,남,통원,"35_39세",882.8,9.8,4749940.0
"2020-2024","0128",방사선치료,여,통원,"40_44세",5277.2,16.5,6437946.0
"2020-2024","0128",방사선치료,남,통원,"40_44세",1307.0,11.0,5305597.0
"2020-2024","0128",방사선치료,여,통원,"45_49세",7543.0,17.5,6765633.0
"2020-2024","0128",방사선치료,남,통원,"45_49세",1763.6,13.3,6264657.0
"2020-2024","0128",방사선치료,여,통원,"50_54세",8251.6,17.2,6839641.0
"2020-2024","0128",방사선치료,남,통원,"50_54세",2972.8,14.7,6998867.0
"2020-2024","0128",방사선치료,여,통원,"55_59세",7592.4,16.6,6814708.0
"2020-2024","0128",방사선치료,남,통원,"55_59세",4466.4,15.7,7511592.0
"2020-2024","0128",방사선치료,여,통원,"5_9세",62.2,14.2,9386995.0
"2020-2024","0128",방사선치료,남,통원,"5_9세",74.4,16.1,10584088
"2020-2024","0128",방사선치료,여,통원,"60_64세",8100.2,16.3,6788180.0
"2020-2024","0128",방사선치료,남,통원,"60_64세",6883.0,16.7,7971683.0
"2020-2024","0128",방사선치료,여,통원,"65_69세",6037.4,15.7,6833387.0
"2020-2024","0128",방사선치료,남,통원,"65_69세",7788.6,17.1,8244818.0
"2020-2024","0128",방사선치료,여,통원,"70_74세",4285.8,15.5,6766655.0
"2020-2024","0128",방사선치료,남,통원,"70_74세",7244.4,17.4,8380575.0
"2020-2024","0128",방사선치료,여,통원,"75_79세",2994.8,14.9,6698381.0
"2020-2024","0128",방사선치료,남,통원,"75_79세",6126.2,17.4,8420043.0
"2020-2024","0128",방사선치료,여,통원,"80세 이상",2687.8,14.8,6688203.0
"2020-2024","0128",방사선치료,남,통원,"80세 이상",4984.4,16.8,8032187.0
"2020-2024","0129",신경인지기능검사,여,통원,"10_14세",5108.0,2.6,82812.0
"2020-2024","0129",신경인지기능검사,남,통원,"10_14세",8078.8,2.6,83065.0
"2020-2024","0129",신경인지기능검사,여,통원,"15_19세",5824.2,2.6,84545.0
"2020-2024","0129",신경인지기능검사,남,통원,"15_19세",8621.0,2.9,91047.0
"2020-2024","0129",신경인지기능검사,여,통원,"1_4세",2641.0,1.8,54911.0
"2020-2024","0129",신경인지기능검사,남,통원,"1_4세",6034.6,1.8,55233.0
"2020-2024","0129",신경인지기능검사,여,통원,"20_24세",4056.2,2.7,92078.0
"2020-2024","0129",신경인지기능검사,남,통원,"20_24세",6923.2,3.1,100714.0
"2020-2024","0129",신경인지기능검사,여,통원,"25_29세",4124.0,2.7,91261.0
"2020-2024","0129",신경인지기능검사,남,통원,"25_29세",3742.6,2.9,97644.0
"2020-2024","0129",신경인지기능검사,여,통원,"30_34세",3120.8,2.6,91380.0
"2020-2024","0129",신경인지기능검사,남,통원,"30_34세",2520.6,2.7,98562.0
"2020-2024","0129",신경인지기능검사,여,통원,"35_39세",2246.8,2.7,97563.0
"2020-2024","0129",신경인지기능검사,남,통원,"35_39세",1997.2,2.8,104168.0
"2020-2024","0129",신경인지기능검사,여,통원,"40_44세",2161.0,2.6,103746.0
"2020-2024","0129",신경인지기능검사,남,통원,"40_44세",2050.2,2.8,116579.0
"2020-2024","0129",신경인지기능검사,여,통원,"45_49세",2249.8,2.5,121181.0
"2020-2024","0129",신경인지기능검사,남,통원,"45_49세",2262.6,2.8,132641.0
"2020-2024","0129",신경인지기능검사,여,통원,"50_54세",3024.4,2.3,149297.0
"2020-2024","0129",신경인지기능검사,남,통원,"50_54세",2955.0,2.6,145646.0
"2020-2024","0129",신경인지기능검사,여,통원,"55_59세",4222.4,2.1,176794.0
"2020-2024","0129",신경인지기능검사,남,통원,"55_59세",4202.6,2.5,163885.0
"2020-2024","0129",신경인지기능검사,여,통원,"5_9세",5809.6,2.6,79917.0
"2020-2024","0129",신경인지기능검사,남,통원,"5_9세",14892.4,2.6,81111.0
"2020-2024","0129",신경인지기능검사,여,통원,"60_64세",9009.2,1.8,197660.0
"2020-2024","0129",신경인지기능검사,남,통원,"60_64세",7521.8,2.1,184340.0
"2020-2024","0129",신경인지기능검사,여,통원,"65_69세",13821.0,1.7,204259.0
"2020-2024","0129",신경인지기능검사,남,통원,"65_69세",10353.6,1.9,193844.0
"2020-2024","0129",신경인지기능검사,여,통원,"70_74세",19484.8,1.6,203572.0
"2020-2024","0129",신경인지기능검사,남,통원,"70_74세",14133.8,1.7,199836.0
"2020-2024","0129",신경인지기능검사,여,통원,"75_79세",27701.8,1.6,198403.0
"2020-2024","0129",신경인지기능검사,남,통원,"75_79세",18616.4,1.6,198422.0
"2020-2024","0129",신경인지기능검사,여,통원,"80세 이상",51112.0,1.5,184693.0
"2020-2024","0129",신경인지기능검사,남,통원,"80세 이상",27509.4,1.6,189088.0
"2020-2024","0131",절골술,여,통원,"10_14세",212.8,1.6,967855.0
"2020-2024","0131",절골술,남,통원,"10_14세",271.0,1.7,1077742.0
"2020-2024","0131",절골술,여,통원,"15_19세",231.4,1.6,652563.0
"2020-2024","0131",절골술,남,통원,"15_19세",245.8,1.4,678820.0
"2020-2024","0131",절골술,여,통원,"1_4세",59.4,1.4,1890173.0
"2020-2024","0131",절골술,남,통원,"1_4세",52.2,1.2,1265683.0
"2020-2024","0131",절골술,여,통원,"20_24세",336.0,1.8,619329.0
"2020-2024","0131",절골술,남,통원,"20_24세",401.8,1.4,536191.0
"2020-2024","0131",절골술,여,통원,"25_29세",352.6,1.8,605051.0
"2020-2024","0131",절골술,남,통원,"25_29세",284.0,1.3,519569.0
"2020-2024","0131",절골술,여,통원,"30_34세",305.2,1.7,600763.0
"2020-2024","0131",절골술,남,통원,"30_34세",264.8,1.3,496090.0
"2020-2024","0131",절골술,여,통원,"35_39세",328.4,1.7,602516.0
"2020-2024","0131",절골술,남,통원,"35_39세",309.6,1.3,490611.0
"2020-2024","0131",절골술,여,통원,"40_44세",502.2,1.7,594177.0
"2020-2024","0131",절골술,남,통원,"40_44세",428.2,1.3,511460.0
"2020-2024","0131",절골술,여,통원,"45_49세",986.8,1.6,564962.0
"2020-2024","0131",절골술,남,통원,"45_49세",580.0,1.2,516816.0
"2020-2024","0131",절골술,여,통원,"50_54세",2224.6,1.6,558029.0
"2020-2024","0131",절골술,남,통원,"50_54세",876.4,1.3,522089.0
"2020-2024","0131",절골술,여,통원,"55_59세",3612.0,1.6,557277.0
"2020-2024","0131",절골술,남,통원,"55_59세",1236.4,1.3,524162.0
"2020-2024","0131",절골술,여,통원,"5_9세",117.8,1.8,1715390.0
"2020-2024","0131",절골술,남,통원,"5_9세",144.2,1.7,1592647.0
"2020-2024","0131",절골술,여,통원,"60_64세",4134.8,1.6,564638.0
"2020-2024","0131",절골술,남,통원,"60_64세",1315.2,1.3,522049.0
"2020-2024","0131",절골술,여,통원,"65_69세",2541.2,1.8,582514.0
"2020-2024","0131",절골술,남,통원,"65_69세",746.0,1.5,542536.0
"2020-2024","0131",절골술,여,통원,"70_74세",991.6,2.0,627765.0
"2020-2024","0131",절골술,남,통원,"70_74세",309.6,1.6,544372.0
"2020-2024","0131",절골술,여,통원,"75_79세",455.6,1.9,640515.0
"2020-2024","0131",절골술,남,통원,"75_79세",162.8,1.7,511735.0
"2020-2024","0131",절골술,여,통원,"80세 이상",223.2,1.8,597591.0
"2020-2024","0131",절골술,남,통원,"80세 이상",86.0,1.5,475290.0
"2020-2024","0132",창상봉합술,여,수술,"10_14세",8533.6,1.1,49921.0
"2020-2024","0132",창상봉합술,남,수술,"10_14세",22034.6,1.1,50812.0
"2020-2024","0132",창상봉합술,여,수술,"15_19세",9928.8,1.2,55672.0
"2020-2024","0132",창상봉합술,남,수술,"15_19세",21379.8,1.2,53350.0
"2020-2024","0132",창상봉합술,여,수술,"1_4세",14797.6,1.1,55748.0
"2020-2024","0132",창상봉합술,남,수술,"1_4세",28538.8,1.1,56796.0
"2020-2024","0132",창상봉합술,여,수술,"20_24세",18877.6,1.2,50066.0
"2020-2024","0132",창상봉합술,남,수술,"20_24세",33321.8,1.2,50668.0
"2020-2024","0132",창상봉합술,여,수술,"25_29세",22822.4,1.1,47988.0
"2020-2024","0132",창상봉합술,남,수술,"25_29세",44225.4,1.1,49892.0
"2020-2024","0132",창상봉합술,여,수술,"30_34세",21330.4,1.1,46670.0
"2020-2024","0132",창상봉합술,남,수술,"30_34세",39289.0,1.2,50192.0
"2020-2024","0132",창상봉합술,여,수술,"35_39세",21566.4,1.1,46062.0
"2020-2024","0132",창상봉합술,남,수술,"35_39세",38293.2,1.2,49932.0
"2020-2024","0132",창상봉합술,여,수술,"40_44세",24452.2,1.2,47367.0
"2020-2024","0132",창상봉합술,남,수술,"40_44세",42481.4,1.2,51620.0
"2020-2024","0132",창상봉합술,여,수술,"45_49세",26331.2,1.2,47187.0
"2020-2024","0132",창상봉합술,남,수술,"45_49세",44767.4,1.2,52825.0
"2020-2024","0132",창상봉합술,여,수술,"50_54세",30705.8,1.2,47372.0
"2020-2024","0132",창상봉합술,남,수술,"50_54세",53124.8,1.2,54363.0
"2020-2024","0132",창상봉합술,여,수술,"55_59세",30153.8,1.2,47879.0
"2020-2024","0132",창상봉합술,남,수술,"55_59세",55823.6,1.3,55222.0
"2020-2024","0132",창상봉합술,여,수술,"5_9세",12849.8,1.1,51708.0
"2020-2024","0132",창상봉합술,남,수술,"5_9세",26332.0,1.1,51506.0
"2020-2024","0132",창상봉합술,여,수술,"60_64세",30845.6,1.2,48683.0
"2020-2024","0132",창상봉합술,남,수술,"60_64세",58535.2,1.3,57044.0
"2020-2024","0132",창상봉합술,여,수술,"65_69세",24544.2,1.3,50768.0
"2020-2024","0132",창상봉합술,남,수술,"65_69세",43588.0,1.4,59379.0
"2020-2024","0132",창상봉합술,여,수술,"70_74세",18882.6,1.4,54324.0
"2020-2024","0132",창상봉합술,남,수술,"70_74세",30046.0,1.5,61978.0
"2020-2024","0132",창상봉합술,여,수술,"75_79세",17245.0,1.5,58251.0
"2020-2024","0132",창상봉합술,남,수술,"75_79세",22498.2,1.5,64351.0
"2020-2024","0132",창상봉합술,여,수술,"80세 이상",32299.6,1.6,62309.0
"2020-2024","0132",창상봉합술,남,수술,"80세 이상",27868.6,1.6,67088.0
"2020-2024","0133",체외순환막형산화요법(ECMO),여,통원,"10_14세",9.0,14.3,13531400
"2020-2024","0133",체외순환막형산화요법(ECMO),남,통원,"10_14세",11.0,11.9,11111683
"2020-2024","0133",체외순환막형산화요법(ECMO),여,통원,"15_19세",11.6,9.3,9646956.0
"2020-2024","0133",체외순환막형산화요법(ECMO),남,통원,"15_19세",15.0,11.7,12238182
"2020-2024","0133",체외순환막형산화요법(ECMO),여,통원,"1_4세",40.2,16.0,23300674
"2020-2024","0133",체외순환막형산화요법(ECMO),남,통원,"1_4세",42.4,14.7,21410763
"2020-2024","0133",체외순환막형산화요법(ECMO),여,통원,"20_24세",14.4,8.9,8779646.0
"2020-2024","0133",체외순환막형산화요법(ECMO),남,통원,"20_24세",17.0,7.6,7797202.0
"2020-2024","0133",체외순환막형산화요법(ECMO),여,통원,"25_29세",26.2,11.5,11228810
"2020-2024","0133",체외순환막형산화요법(ECMO),남,통원,"25_29세",29.0,11.4,10903898
"2020-2024","0133",체외순환막형산화요법(ECMO),여,통원,"30_34세",22.6,10.2,10392653
"2020-2024","0133",체외순환막형산화요법(ECMO),남,통원,"30_34세",35.2,10.1,9941483.0
"2020-2024","0133",체외순환막형산화요법(ECMO),여,통원,"35_39세",36.6,10.0,9809817.0
"2020-2024","0133",체외순환막형산화요법(ECMO),남,통원,"35_39세",52.4,9.1,8951044.0
"2020-2024","0133",체외순환막형산화요법(ECMO),여,통원,"40_44세",37.2,9.2,9267247.0
"2020-2024","0133",체외순환막형산화요법(ECMO),남,통원,"40_44세",79.8,9.5,9464062.0
"2020-2024","0133",체외순환막형산화요법(ECMO),여,통원,"45_49세",48.8,10.9,10491003
"2020-2024","0133",체외순환막형산화요법(ECMO),남,통원,"45_49세",119.8,10.5,10223879
"2020-2024","0133",체외순환막형산화요법(ECMO),여,통원,"50_54세",67.4,12.2,12023089
"2020-2024","0133",체외순환막형산화요법(ECMO),남,통원,"50_54세",194.4,10.4,10121907
"2020-2024","0133",체외순환막형산화요법(ECMO),여,통원,"55_59세",79.4,11.8,11357762
"2020-2024","0133",체외순환막형산화요법(ECMO),남,통원,"55_59세",255.8,10.6,10132851
"2020-2024","0133",체외순환막형산화요법(ECMO),여,통원,"5_9세",7.6,11.1,11592833
"2020-2024","0133",체외순환막형산화요법(ECMO),남,통원,"5_9세",7.0,22.4,22846611
"2020-2024","0133",체외순환막형산화요법(ECMO),여,통원,"60_64세",123.6,13.6,13212622
"2020-2024","0133",체외순환막형산화요법(ECMO),남,통원,"60_64세",361.2,9.8,9629948.0
"2020-2024","0133",체외순환막형산화요법(ECMO),여,통원,"65_69세",127.6,10.7,10224979
"2020-2024","0133",체외순환막형산화요법(ECMO),남,통원,"65_69세",341.4,10.3,10073344
"2020-2024","0133",체외순환막형산화요법(ECMO),여,통원,"70_74세",122.4,8.9,8774176.0
"2020-2024","0133",체외순환막형산화요법(ECMO),남,통원,"70_74세",251.0,9.6,9107357.0
"2020-2024","0133",체외순환막형산화요법(ECMO),여,통원,"75_79세",110.2,7.0,7093232.0
"2020-2024","0133",체외순환막형산화요법(ECMO),남,통원,"75_79세",176.4,8.1,8137559.0
"2020-2024","0133",체외순환막형산화요법(ECMO),여,통원,"80세 이상",115.4,5.3,5310741.0
"2020-2024","0133",체외순환막형산화요법(ECMO),남,통원,"80세 이상",123.0,6.4,6404312.0
"2020-2024","0134",백내장 수술_DRG 제외,여,수술,"10_14세",23.8,1.5,433189.0
"2020-2024","0134",백내장 수술_DRG 제외,남,수술,"10_14세",42.2,1.6,450626.0
"2020-2024","0134",백내장 수술_DRG 제외,여,수술,"15_19세",35.0,1.8,471229.0
"2020-2024","0134",백내장 수술_DRG 제외,남,수술,"15_19세",66.0,2.0,465264.0
"2020-2024","0134",백내장 수술_DRG 제외,여,수술,"1_4세",38.4,1.3,1042461.0
"2020-2024","0134",백내장 수술_DRG 제외,남,수술,"1_4세",54.4,1.3,953529.0
"2020-2024","0134",백내장 수술_DRG 제외,여,수술,"20_24세",94.2,2.0,479825.0
"2020-2024","0134",백내장 수술_DRG 제외,남,수술,"20_24세",139.2,1.9,459885.0
"2020-2024","0134",백내장 수술_DRG 제외,여,수술,"25_29세",146.8,1.9,453644.0
"2020-2024","0134",백내장 수술_DRG 제외,남,수술,"25_29세",229.8,1.8,442062.0
"2020-2024","0134",백내장 수술_DRG 제외,여,수술,"30_34세",202.2,1.9,462728.0
"2020-2024","0134",백내장 수술_DRG 제외,남,수술,"30_34세",315.6,1.9,449432.0
"2020-2024","0134",백내장 수술_DRG 제외,여,수술,"35_39세",388.4,1.9,461561.0
"2020-2024","0134",백내장 수술_DRG 제외,남,수술,"35_39세",605.6,2.0,458400.0
"2020-2024","0134",백내장 수술_DRG 제외,여,수술,"40_44세",1077.4,1.9,487041.0
"2020-2024","0134",백내장 수술_DRG 제외,남,수술,"40_44세",1375.4,2.0,463556.0
"2020-2024","0134",백내장 수술_DRG 제외,여,수술,"45_49세",4808.6,1.8,515122.0
"2020-2024","0134",백내장 수술_DRG 제외,남,수술,"45_49세",3752.4,1.9,483122.0
"2020-2024","0134",백내장 수술_DRG 제외,여,수술,"50_54세",13644.4,1.8,513603.0
"2020-2024","0134",백내장 수술_DRG 제외,남,수술,"50_54세",8608.0,1.8,489014.0
"2020-2024","0134",백내장 수술_DRG 제외,여,수술,"55_59세",19599.2,1.8,507721.0
"2020-2024","0134",백내장 수술_DRG 제외,남,수술,"55_59세",12018.0,1.9,481082.0
"2020-2024","0134",백내장 수술_DRG 제외,여,수술,"5_9세",27.2,1.4,506342.0
"2020-2024","0134",백내장 수술_DRG 제외,남,수술,"5_9세",36.0,1.3,484260.0
"2020-2024","0134",백내장 수술_DRG 제외,여,수술,"60_64세",26479.8,1.9,496435.0
"2020-2024","0134",백내장 수술_DRG 제외,남,수술,"60_64세",16594.4,1.9,477975.0
"2020-2024","0134",백내장 수술_DRG 제외,여,수술,"65_69세",27002.0,1.9,488079.0
"2020-2024","0134",백내장 수술_DRG 제외,남,수술,"65_69세",17621.0,1.9,478495.0
"2020-2024","0134",백내장 수술_DRG 제외,여,수술,"70_74세",25038.6,1.9,475438.0
"2020-2024","0134",백내장 수술_DRG 제외,남,수술,"70_74세",16901.0,1.9,474540.0
"2020-2024","0134",백내장 수술_DRG 제외,여,수술,"75_79세",22604.0,1.8,463592.0
"2020-2024","0134",백내장 수술_DRG 제외,남,수술,"75_79세",14345.8,1.9,470199.0
"2020-2024","0134",백내장 수술_DRG 제외,여,수술,"80세 이상",22507.8,1.7,452561.0
"2020-2024","0134",백내장 수술_DRG 제외,남,수술,"80세 이상",12386.2,1.8,457439.0
"2020-2024","0135",전신마취,여,통원,"10_14세",8201.8,1.1,159810.0
"2020-2024","0135",전신마취,남,통원,"10_14세",15769.6,1.1,158053.0
"2020-2024","0135",전신마취,여,통원,"15_19세",9246.8,1.1,151958.0
"2020-2024","0135",전신마취,남,통원,"15_19세",18276.8,1.1,153703.0
"2020-2024","0135",전신마취,여,통원,"1_4세",10401.8,1.4,310936.0
"2020-2024","0135",전신마취,남,통원,"1_4세",15624.4,1.3,303320.0
"2020-2024","0135",전신마취,여,통원,"20_24세",19487.8,1.1,138793.0
"2020-2024","0135",전신마취,남,통원,"20_24세",22485.0,1.1,145855.0
"2020-2024","0135",전신마취,여,통원,"25_29세",37099.4,1.1,135547.0
"2020-2024","0135",전신마취,남,통원,"25_29세",24813.0,1.1,147195.0
"2020-2024","0135",전신마취,여,통원,"30_34세",67508.8,1.2,144058.0
"2020-2024","0135",전신마취,남,통원,"30_34세",24871.2,1.1,148621.0
"2020-2024","0135",전신마취,여,통원,"35_39세",79471.2,1.3,155422.0
"2020-2024","0135",전신마취,남,통원,"35_39세",27336.0,1.1,150994.0
"2020-2024","0135",전신마취,여,통원,"40_44세",83815.6,1.3,162553.0
"2020-2024","0135",전신마취,남,통원,"40_44세",34066.0,1.1,153292.0
"2020-2024","0135",전신마취,여,통원,"45_49세",76101.4,1.2,145450.0
"2020-2024","0135",전신마취,남,통원,"45_49세",38187.6,1.1,156738.0
"2020-2024","0135",전신마취,여,통원,"50_54세",76263.8,1.1,144064.0
"2020-2024","0135",전신마취,남,통원,"50_54세",47843.4,1.1,161188.0
"2020-2024","0135",전신마취,여,통원,"55_59세",68942.6,1.1,149276.0
"2020-2024","0135",전신마취,남,통원,"55_59세",56048.6,1.1,164653.0
"2020-2024","0135",전신마취,여,통원,"5_9세",14144.6,1.1,167051.0
"2020-2024","0135",전신마취,남,통원,"5_9세",19071.2,1.1,168039.0
"2020-2024","0135",전신마취,여,통원,"60_64세",75954.8,1.1,153657.0
"2020-2024","0135",전신마취,남,통원,"60_64세",68213.8,1.1,169348.0
"2020-2024","0135",전신마취,여,통원,"65_69세",64186.2,1.1,159419.0
"2020-2024","0135",전신마취,남,통원,"65_69세",60591.2,1.1,175282.0
"2020-2024","0135",전신마취,여,통원,"70_74세",49373.6,1.1,199151.0
"2020-2024","0135",전신마취,남,통원,"70_74세",46754.4,1.2,209759.0
"2020-2024","0135",전신마취,여,통원,"75_79세",38835.4,1.1,204050.0
"2020-2024","0135",전신마취,남,통원,"75_79세",34132.8,1.2,214187.0
"2020-2024","0135",전신마취,여,통원,"80세 이상",41574.8,1.2,216859.0
"2020-2024","0135",전신마취,남,통원,"80세 이상",28250.4,1.2,218324.0
"2020-2024","0136",CT_두부,여,통원,"10_14세",8685.8,1.1,97876.0
"2020-2024","0136",CT_두부,남,통원,"10_14세",18190.8,1.1,97390.0
"2020-2024","0136",CT_두부,여,통원,"15_19세",14799.2,1.1,99022.0
"2020-2024","0136",CT_두부,남,통원,"15_19세",18327.4,1.2,101547.0
"2020-2024","0136",CT_두부,여,통원,"1_4세",7833.8,1.2,120594.0
"2020-2024","0136",CT_두부,남,통원,"1_4세",11188.2,1.2,120948.0
"2020-2024","0136",CT_두부,여,통원,"20_24세",21406.8,1.1,101212.0
"2020-2024","0136",CT_두부,남,통원,"20_24세",20815.0,1.2,104439.0
"2020-2024","0136",CT_두부,여,통원,"25_29세",24259.6,1.1,103299.0
"2020-2024","0136",CT_두부,남,통원,"25_29세",24680.0,1.2,106815.0
"2020-2024","0136",CT_두부,여,통원,"30_34세",22698.0,1.2,107357.0
"2020-2024","0136",CT_두부,남,통원,"30_34세",24126.0,1.2,111687.0
"2020-2024","0136",CT_두부,여,통원,"35_39세",25890.6,1.2,111019.0
"2020-2024","0136",CT_두부,남,통원,"35_39세",26733.2,1.3,118381.0
"2020-2024","0136",CT_두부,여,통원,"40_44세",33231.2,1.2,116741.0
"2020-2024","0136",CT_두부,남,통원,"40_44세",32423.6,1.3,124686.0
"2020-2024","0136",CT_두부,여,통원,"45_49세",41728.8,1.3,121712.0
"2020-2024","0136",CT_두부,남,통원,"45_49세",36658.2,1.4,132010.0
"2020-2024","0136",CT_두부,여,통원,"50_54세",57253.0,1.3,122962.0
"2020-2024","0136",CT_두부,남,통원,"50_54세",46485.0,1.5,137701.0
"2020-2024","0136",CT_두부,여,통원,"55_59세",64344.4,1.3,125455.0
"2020-2024","0136",CT_두부,남,통원,"55_59세",54087.6,1.5,142592.0
"2020-2024","0136",CT_두부,여,통원,"5_9세",6779.0,1.1,102590.0
"2020-2024","0136",CT_두부,남,통원,"5_9세",13536.0,1.1,100151.0
"2020-2024","0136",CT_두부,여,통원,"60_64세",76941.4,1.4,128557.0
"2020-2024","0136",CT_두부,남,통원,"60_64세",65766.4,1.6,145382.0
"2020-2024","0136",CT_두부,여,통원,"65_69세",70416.6,1.4,131891.0
"2020-2024","0136",CT_두부,남,통원,"65_69세",60775.6,1.6,148720.0
"2020-2024","0136",CT_두부,여,통원,"70_74세",62646.6,1.5,135439.0
"2020-2024","0136",CT_두부,남,통원,"70_74세",54302.2,1.7,150550.0
"2020-2024","0136",CT_두부,여,통원,"75_79세",64861.2,1.5,136774.0
"2020-2024","0136",CT_두부,남,통원,"75_79세",52367.0,1.7,150519.0
"2020-2024","0136",CT_두부,여,통원,"80세 이상",133020.0,1.5,130541.0
"2020-2024","0136",CT_두부,남,통원,"80세 이상",79066.4,1.7,144180.0
"2020-2024","0137",CT_안면 및 두개기저,여,통원,"10_14세",2778.2,1.1,132587.0
"2020-2024","0137",CT_안면 및 두개기저,남,통원,"10_14세",7412.4,1.1,136601.0
"2020-2024","0137",CT_안면 및 두개기저,여,통원,"15_19세",3810.2,1.1,133517.0
"2020-2024","0137",CT_안면 및 두개기저,남,통원,"15_19세",9967.6,1.1,141058.0
"2020-2024","0137",CT_안면 및 두개기저,여,통원,"1_4세",2312.2,1.1,166460.0
"2020-2024","0137",CT_안면 및 두개기저,남,통원,"1_4세",3718.8,1.1,165449.0
"2020-2024","0137",CT_안면 및 두개기저,여,통원,"20_24세",5892.4,1.1,135647.0
"2020-2024","0137",CT_안면 및 두개기저,남,통원,"20_24세",10528.2,1.1,142312.0
"2020-2024","0137",CT_안면 및 두개기저,여,통원,"25_29세",7198.8,1.1,134938.0
"2020-2024","0137",CT_안면 및 두개기저,남,통원,"25_29세",10936.6,1.1,142231.0
"2020-2024","0137",CT_안면 및 두개기저,여,통원,"30_34세",6943.0,1.1,134722.0
"2020-2024","0137",CT_안면 및 두개기저,남,통원,"30_34세",9868.4,1.1,139404.0
"2020-2024","0137",CT_안면 및 두개기저,여,통원,"35_39세",7528.2,1.1,134041.0
"2020-2024","0137",CT_안면 및 두개기저,남,통원,"35_39세",10096.4,1.2,139584.0
"2020-2024","0137",CT_안면 및 두개기저,여,통원,"40_44세",8430.6,1.1,133903.0
"2020-2024","0137",CT_안면 및 두개기저,남,통원,"40_44세",11077.8,1.2,139619.0
"2020-2024","0137",CT_안면 및 두개기저,여,통원,"45_49세",9298.6,1.1,133636.0
"2020-2024","0137",CT_안면 및 두개기저,남,통원,"45_49세",11679.2,1.1,138713.0
"2020-2024","0137",CT_안면 및 두개기저,여,통원,"50_54세",11773.8,1.1,132054.0
"2020-2024","0137",CT_안면 및 두개기저,남,통원,"50_54세",13816.8,1.1,139182.0
"2020-2024","0137",CT_안면 및 두개기저,여,통원,"55_59세",13115.6,1.1,130510.0
"2020-2024","0137",CT_안면 및 두개기저,남,통원,"55_59세",15294.6,1.1,138530.0
"2020-2024","0137",CT_안면 및 두개기저,여,통원,"5_9세",2816.6,1.1,139692.0
"2020-2024","0137",CT_안면 및 두개기저,남,통원,"5_9세",5213.0,1.1,140180.0
"2020-2024","0137",CT_안면 및 두개기저,여,통원,"60_64세",14940.2,1.1,129230.0
"2020-2024","0137",CT_안면 및 두개기저,남,통원,"60_64세",16986.0,1.1,137704.0
"2020-2024","0137",CT_안면 및 두개기저,여,통원,"65_69세",12273.6,1.1,129921.0
"2020-2024","0137",CT_안면 및 두개기저,남,통원,"65_69세",13712.8,1.2,137939.0
"2020-2024","0137",CT_안면 및 두개기저,여,통원,"70_74세",9258.2,1.1,132497.0
"2020-2024","0137",CT_안면 및 두개기저,남,통원,"70_74세",10797.0,1.2,136336.0
"2020-2024","0137",CT_안면 및 두개기저,여,통원,"75_79세",8017.0,1.1,134246.0
"2020-2024","0137",CT_안면 및 두개기저,남,통원,"75_79세",8923.0,1.2,135431.0
"2020-2024","0137",CT_안면 및 두개기저,여,통원,"80세 이상",12994.4,1.1,135258.0
"2020-2024","0137",CT_안면 및 두개기저,남,통원,"80세 이상",9346.6,1.1,138060.0
"2020-2024","0138",CT_경부,여,통원,"10_14세",876.2,1.2,161082.0
"2020-2024","0138",CT_경부,남,통원,"10_14세",1080.6,1.2,163981.0
"2020-2024","0138",CT_경부,여,통원,"15_19세",2282.6,1.1,161311.0
"2020-2024","0138",CT_경부,남,통원,"15_19세",2241.2,1.2,163459.0
"2020-2024","0138",CT_경부,여,통원,"1_4세",274.4,1.2,198337.0
"2020-2024","0138",CT_경부,남,통원,"1_4세",381.6,1.2,192922.0
"2020-2024","0138",CT_경부,여,통원,"20_24세",4879.6,1.1,163059.0
"2020-2024","0138",CT_경부,남,통원,"20_24세",3899.6,1.2,166905.0
"2020-2024","0138",CT_경부,여,통원,"25_29세",7105.0,1.1,163374.0
"2020-2024","0138",CT_경부,남,통원,"25_29세",5605.2,1.2,168160.0
"2020-2024","0138",CT_경부,여,통원,"30_34세",7990.2,1.1,164216.0
"2020-2024","0138",CT_경부,남,통원,"30_34세",6377.2,1.2,168711.0
"2020-2024","0138",CT_경부,여,통원,"35_39세",9730.4,1.1,165969.0
"2020-2024","0138",CT_경부,남,통원,"35_39세",7698.0,1.2,171101.0
"2020-2024","0138",CT_경부,여,통원,"40_44세",13126.6,1.1,167913.0
"2020-2024","0138",CT_경부,남,통원,"40_44세",9704.8,1.2,175301.0
"2020-2024","0138",CT_경부,여,통원,"45_49세",14778.4,1.1,169506.0
"2020-2024","0138",CT_경부,남,통원,"45_49세",10818.2,1.2,179582.0
"2020-2024","0138",CT_경부,여,통원,"50_54세",18640.6,1.2,171299.0
"2020-2024","0138",CT_경부,남,통원,"50_54세",13747.0,1.3,185203.0
"2020-2024","0138",CT_경부,여,통원,"55_59세",19941.6,1.2,173617.0
"2020-2024","0138",CT_경부,남,통원,"55_59세",16790.4,1.3,190842.0
"2020-2024","0138",CT_경부,여,통원,"5_9세",510.0,1.2,166019.0
"2020-2024","0138",CT_경부,남,통원,"5_9세",743.6,1.2,168404.0
"2020-2024","0138",CT_경부,여,통원,"60_64세",22398.0,1.2,175678.0
"2020-2024","0138",CT_경부,남,통원,"60_64세",21575.4,1.3,195207.0
"2020-2024","0138",CT_경부,여,통원,"65_69세",18554.2,1.2,176597.0
"2020-2024","0138",CT_경부,남,통원,"65_69세",20471.4,1.4,197156.0
"2020-2024","0138",CT_경부,여,통원,"70_74세",14126.6,1.2,178825.0
"2020-2024","0138",CT_경부,남,통원,"70_74세",16921.4,1.3,195248.0
"2020-2024","0138",CT_경부,여,통원,"75_79세",11588.6,1.2,178985.0
"2020-2024","0138",CT_경부,남,통원,"75_79세",13467.0,1.3,191200.0
"2020-2024","0138",CT_경부,여,통원,"80세 이상",14833.6,1.2,175414.0
"2020-2024","0138",CT_경부,남,통원,"80세 이상",12580.0,1.3,184983.0
"2020-2024","0139",CT_흉부,여,통원,"10_14세",3276.8,1.3,147603.0
"2020-2024","0139",CT_흉부,남,통원,"10_14세",5580.8,1.3,144055.0
"2020-2024","0139",CT_흉부,여,통원,"15_19세",7245.2,1.2,140137.0
"2020-2024","0139",CT_흉부,남,통원,"15_19세",13124.0,1.2,139118.0
"2020-2024","0139",CT_흉부,여,통원,"1_4세",1441.6,1.5,232247.0
"2020-2024","0139",CT_흉부,남,통원,"1_4세",1937.4,1.4,228500.0
"2020-2024","0139",CT_흉부,여,통원,"20_24세",13126.0,1.2,141704.0
"2020-2024","0139",CT_흉부,남,통원,"20_24세",17445.6,1.2,140822.0
"2020-2024","0139",CT_흉부,여,통원,"25_29세",19675.4,1.2,145167.0
"2020-2024","0139",CT_흉부,남,통원,"25_29세",24051.4,1.2,142764.0
"2020-2024","0139",CT_흉부,여,통원,"30_34세",25830.6,1.3,153301.0
"2020-2024","0139",CT_흉부,남,통원,"30_34세",29755.8,1.2,145369.0
"2020-2024","0139",CT_흉부,여,통원,"35_39세",38266.8,1.3,163328.0
"2020-2024","0139",CT_흉부,남,통원,"35_39세",39602.2,1.3,149521.0
"2020-2024","0139",CT_흉부,여,통원,"40_44세",61996.4,1.4,172502.0
"2020-2024","0139",CT_흉부,남,통원,"40_44세",57561.0,1.3,154658.0
"2020-2024","0139",CT_흉부,여,통원,"45_49세",84550.4,1.5,180466.0
"2020-2024","0139",CT_흉부,남,통원,"45_49세",69654.8,1.3,162864.0
"2020-2024","0139",CT_흉부,여,통원,"50_54세",119176.4,1.5,182045.0
"2020-2024","0139",CT_흉부,남,통원,"50_54세",98875.4,1.4,172788.0
"2020-2024","0139",CT_흉부,여,통원,"55_59세",139148.6,1.5,180321.0
"2020-2024","0139",CT_흉부,남,통원,"55_59세",129715.6,1.5,181941.0
"2020-2024","0139",CT_흉부,여,통원,"5_9세",1817.4,1.3,159543.0
"2020-2024","0139",CT_흉부,남,통원,"5_9세",2555.8,1.3,160207.0
"2020-2024","0139",CT_흉부,여,통원,"60_64세",171321.4,1.5,181639.0
"2020-2024","0139",CT_흉부,남,통원,"60_64세",178762.6,1.6,190817.0
"2020-2024","0139",CT_흉부,여,통원,"65_69세",150151.4,1.5,184979.0
"2020-2024","0139",CT_흉부,남,통원,"65_69세",177331.6,1.6,201249.0
"2020-2024","0139",CT_흉부,여,통원,"70_74세",122575.4,1.5,188281.0
"2020-2024","0139",CT_흉부,남,통원,"70_74세",156664.2,1.7,207527.0
"2020-2024","0139",CT_흉부,여,통원,"75_79세",108659.2,1.6,189365.0
"2020-2024","0139",CT_흉부,남,통원,"75_79세",132456.0,1.8,208853.0
"2020-2024","0139",CT_흉부,여,통원,"80세 이상",186836.6,1.6,179184.0
"2020-2024","0139",CT_흉부,남,통원,"80세 이상",153881.0,1.8,200906.0
"2020-2024","0140",CT_복부,여,통원,"10_14세",9359.4,1.2,159301.0
"2020-2024","0140",CT_복부,남,통원,"10_14세",11411.4,1.2,157711.0
"2020-2024","0140",CT_복부,여,통원,"15_19세",19566.0,1.2,163583.0
"2020-2024","0140",CT_복부,남,통원,"15_19세",18709.4,1.2,163023.0
"2020-2024","0140",CT_복부,여,통원,"1_4세",1030.2,1.4,223850.0
"2020-2024","0140",CT_복부,남,통원,"1_4세",1348.2,1.4,223969.0
"2020-2024","0140",CT_복부,여,통원,"20_24세",35293.2,1.2,165985.0
"2020-2024","0140",CT_복부,남,통원,"20_24세",28366.2,1.2,166478.0
"2020-2024","0140",CT_복부,여,통원,"25_29세",48654.4,1.2,168370.0
"2020-2024","0140",CT_복부,남,통원,"25_29세",42566.0,1.3,169583.0
"2020-2024","0140",CT_복부,여,통원,"30_34세",53938.8,1.3,173369.0
"2020-2024","0140",CT_복부,남,통원,"30_34세",51442.0,1.3,172399.0
"2020-2024","0140",CT_복부,여,통원,"35_39세",67713.2,1.3,180093.0
"2020-2024","0140",CT_복부,남,통원,"35_39세",65188.0,1.3,176899.0
"2020-2024","0140",CT_복부,여,통원,"40_44세",96051.8,1.3,186586.0
"2020-2024","0140",CT_복부,남,통원,"40_44세",87952.4,1.3,183519.0
"2020-2024","0140",CT_복부,여,통원,"45_49세",117347.2,1.4,192463.0
"2020-2024","0140",CT_복부,남,통원,"45_49세",99318.2,1.4,191716.0
"2020-2024","0140",CT_복부,여,통원,"50_54세",149414.4,1.4,197261.0
"2020-2024","0140",CT_복부,남,통원,"50_54세",127389.8,1.5,204195.0
"2020-2024","0140",CT_복부,여,통원,"55_59세",159032.6,1.4,200084.0
"2020-2024","0140",CT_복부,남,통원,"55_59세",151089.0,1.5,215633.0
"2020-2024","0140",CT_복부,여,통원,"5_9세",3687.6,1.2,165288.0
"2020-2024","0140",CT_복부,남,통원,"5_9세",5301.0,1.2,163763.0
"2020-2024","0140",CT_복부,여,통원,"60_64세",182641.8,1.4,203712.0
"2020-2024","0140",CT_복부,남,통원,"60_64세",191524.0,1.6,225154.0
"2020-2024","0140",CT_복부,여,통원,"65_69세",154664.4,1.5,208637.0
"2020-2024","0140",CT_복부,남,통원,"65_69세",177728.4,1.7,233084.0
"2020-2024","0140",CT_복부,여,통원,"70_74세",122126.4,1.5,214305.0
"2020-2024","0140",CT_복부,남,통원,"70_74세",148659.0,1.7,235934.0
"2020-2024","0140",CT_복부,여,통원,"75_79세",106751.2,1.6,214722.0
"2020-2024","0140",CT_복부,남,통원,"75_79세",121770.6,1.7,233375.0
"2020-2024","0140",CT_복부,여,통원,"80세 이상",177140.8,1.6,202578.0
"2020-2024","0140",CT_복부,남,통원,"80세 이상",135952.2,1.7,219833.0
"2020-2024","0141",CT_척추,여,통원,"10_14세",1383.6,1.1,141767.0
"2020-2024","0141",CT_척추,남,통원,"10_14세",1998.6,1.1,127590.0
"2020-2024","0141",CT_척추,여,통원,"15_19세",3442.2,1.1,120684.0
"2020-2024","0141",CT_척추,남,통원,"15_19세",5812.8,1.1,120702.0
"2020-2024","0141",CT_척추,여,통원,"1_4세",152.4,1.1,177459.0
"2020-2024","0141",CT_척추,남,통원,"1_4세",214.0,1.1,176924.0
"2020-2024","0141",CT_척추,여,통원,"20_24세",7120.4,1.1,115199.0
"2020-2024","0141",CT_척추,남,통원,"20_24세",11550.6,1.1,116026.0
"2020-2024","0141",CT_척추,여,통원,"25_29세",10302.6,1.1,115410.0
"2020-2024","0141",CT_척추,남,통원,"25_29세",15604.2,1.1,115767.0
"2020-2024","0141",CT_척추,여,통원,"30_34세",11182.6,1.1,115255.0
"2020-2024","0141",CT_척추,남,통원,"30_34세",17576.8,1.1,116098.0
"2020-2024","0141",CT_척추,여,통원,"35_39세",14272.4,1.1,115869.0
"2020-2024","0141",CT_척추,남,통원,"35_39세",21061.8,1.1,117344.0
"2020-2024","0141",CT_척추,여,통원,"40_44세",19382.8,1.1,117249.0
"2020-2024","0141",CT_척추,남,통원,"40_44세",25738.6,1.1,118895.0
"2020-2024","0141",CT_척추,여,통원,"45_49세",25305.6,1.1,117641.0
"2020-2024","0141",CT_척추,남,통원,"45_49세",27788.6,1.1,120086.0
"2020-2024","0141",CT_척추,여,통원,"50_54세",35953.0,1.1,118466.0
"2020-2024","0141",CT_척추,남,통원,"50_54세",33471.0,1.1,121843.0
"2020-2024","0141",CT_척추,여,통원,"55_59세",42118.2,1.1,119986.0
"2020-2024","0141",CT_척추,남,통원,"55_59세",38354.2,1.1,123764.0
"2020-2024","0141",CT_척추,여,통원,"5_9세",325.2,1.1,145543.0
"2020-2024","0141",CT_척추,남,통원,"5_9세",480.0,1.1,142460.0
"2020-2024","0141",CT_척추,여,통원,"60_64세",52891.8,1.1,122622.0
"2020-2024","0141",CT_척추,남,통원,"60_64세",45068.2,1.2,126215.0
"2020-2024","0141",CT_척추,여,통원,"65_69세",49905.6,1.2,125981.0
"2020-2024","0141",CT_척추,남,통원,"65_69세",38538.4,1.2,128273.0
"2020-2024","0141",CT_척추,여,통원,"70_74세",43079.6,1.2,129352.0
"2020-2024","0141",CT_척추,남,통원,"70_74세",29541.6,1.2,130785.0
"2020-2024","0141",CT_척추,여,통원,"75_79세",38021.8,1.2,132006.0
"2020-2024","0141",CT_척추,남,통원,"75_79세",23120.8,1.2,132342.0
"2020-2024","0141",CT_척추,여,통원,"80세 이상",48618.0,1.2,132314.0
"2020-2024","0141",CT_척추,남,통원,"80세 이상",23506.6,1.2,132844.0
"2020-2024","0142",CT_상지,여,통원,"10_14세",3729.0,1.1,132885.0
"2020-2024","0142",CT_상지,남,통원,"10_14세",12660.8,1.1,137767.0
"2020-2024","0142",CT_상지,여,통원,"15_19세",2029.4,1.1,136392.0
"2020-2024","0142",CT_상지,남,통원,"15_19세",10273.4,1.2,144059.0
"2020-2024","0142",CT_상지,여,통원,"1_4세",752.6,1.1,162009.0
"2020-2024","0142",CT_상지,남,통원,"1_4세",935.2,1.1,162302.0
"2020-2024","0142",CT_상지,여,통원,"20_24세",2361.6,1.1,139886.0
"2020-2024","0142",CT_상지,남,통원,"20_24세",9568.2,1.2,144519.0
"2020-2024","0142",CT_상지,여,통원,"25_29세",3030.8,1.2,141257.0
"2020-2024","0142",CT_상지,남,통원,"25_29세",10058.8,1.2,145259.0
"2020-2024","0142",CT_상지,여,통원,"30_34세",2757.0,1.1,140432.0
"2020-2024","0142",CT_상지,남,통원,"30_34세",8941.0,1.2,145085.0
"2020-2024","0142",CT_상지,여,통원,"35_39세",3115.8,1.1,138679.0
"2020-2024","0142",CT_상지,남,통원,"35_39세",8965.4,1.2,144460.0
"2020-2024","0142",CT_상지,여,통원,"40_44세",4398.0,1.1,137713.0
"2020-2024","0142",CT_상지,남,통원,"40_44세",10366.6,1.2,143759.0
"2020-2024","0142",CT_상지,여,통원,"45_49세",5934.4,1.1,138063.0
"2020-2024","0142",CT_상지,남,통원,"45_49세",10577.4,1.2,142512.0
"2020-2024","0142",CT_상지,여,통원,"50_54세",11209.6,1.1,139928.0
"2020-2024","0142",CT_상지,남,통원,"50_54세",11897.8,1.2,141429.0
"2020-2024","0142",CT_상지,여,통원,"55_59세",16168.6,1.2,142930.0
"2020-2024","0142",CT_상지,남,통원,"55_59세",12350.6,1.2,141136.0
"2020-2024","0142",CT_상지,여,통원,"5_9세",2859.2,1.1,140005.0
"2020-2024","0142",CT_상지,남,통원,"5_9세",4762.2,1.1,140984.0
"2020-2024","0142",CT_상지,여,통원,"60_64세",19154.4,1.2,144914.0
"2020-2024","0142",CT_상지,남,통원,"60_64세",12855.2,1.2,141899.0
"2020-2024","0142",CT_상지,여,통원,"65_69세",16039.2,1.2,148368.0
"2020-2024","0142",CT_상지,남,통원,"65_69세",9385.2,1.2,144554.0
"2020-2024","0142",CT_상지,여,통원,"70_74세",12823.6,1.2,152598.0
"2020-2024","0142",CT_상지,남,통원,"70_74세",6362.2,1.2,147669.0
"2020-2024","0142",CT_상지,여,통원,"75_79세",11536.8,1.2,155712.0
"2020-2024","0142",CT_상지,남,통원,"75_79세",4812.6,1.2,150771.0
"2020-2024","0142",CT_상지,여,통원,"80세 이상",17271.2,1.2,154012.0
"2020-2024","0142",CT_상지,남,통원,"80세 이상",5186.6,1.2,150041.0
"2020-2024","0143",CT_하지,여,통원,"10_14세",4567.4,1.1,135448.0
"2020-2024","0143",CT_하지,남,통원,"10_14세",9777.4,1.1,134946.0
"2020-2024","0143",CT_하지,여,통원,"15_19세",4119.8,1.1,137726.0
"2020-2024","0143",CT_하지,남,통원,"15_19세",9012.4,1.2,140557.0
"2020-2024","0143",CT_하지,여,통원,"1_4세",358.0,1.1,158264.0
"2020-2024","0143",CT_하지,남,통원,"1_4세",406.4,1.1,157245.0
"2020-2024","0143",CT_하지,여,통원,"20_24세",5058.6,1.1,138870.0
"2020-2024","0143",CT_하지,남,통원,"20_24세",9000.4,1.2,139969.0
"2020-2024","0143",CT_하지,여,통원,"25_29세",6422.2,1.1,138967.0
"2020-2024","0143",CT_하지,남,통원,"25_29세",9287.0,1.2,143376.0
"2020-2024","0143",CT_하지,여,통원,"30_34세",6007.0,1.1,140962.0
"2020-2024","0143",CT_하지,남,통원,"30_34세",8760.0,1.2,143449.0
"2020-2024","0143",CT_하지,여,통원,"35_39세",6560.4,1.1,140679.0
"2020-2024","0143",CT_하지,남,통원,"35_39세",8961.8,1.2,146187.0
"2020-2024","0143",CT_하지,여,통원,"40_44세",8072.4,1.2,142574.0
"2020-2024","0143",CT_하지,남,통원,"40_44세",10239.4,1.2,148811.0
"2020-2024","0143",CT_하지,여,통원,"45_49세",9505.6,1.2,144526.0
"2020-2024","0143",CT_하지,남,통원,"45_49세",10482.6,1.2,151982.0
"2020-2024","0143",CT_하지,여,통원,"50_54세",15546.4,1.2,144212.0
"2020-2024","0143",CT_하지,남,통원,"50_54세",12322.6,1.2,153943.0
"2020-2024","0143",CT_하지,여,통원,"55_59세",20347.2,1.2,145831.0
"2020-2024","0143",CT_하지,남,통원,"55_59세",14079.4,1.2,156670.0
"2020-2024","0143",CT_하지,여,통원,"5_9세",2354.8,1.1,131831.0
"2020-2024","0143",CT_하지,남,통원,"5_9세",3267.4,1.1,130185.0
"2020-2024","0143",CT_하지,여,통원,"60_64세",24937.0,1.2,148964.0
"2020-2024","0143",CT_하지,남,통원,"60_64세",17111.0,1.2,159859.0
"2020-2024","0143",CT_하지,여,통원,"65_69세",24253.6,1.3,153355.0
"2020-2024","0143",CT_하지,남,통원,"65_69세",15838.8,1.2,163500.0
"2020-2024","0143",CT_하지,여,통원,"70_74세",21455.6,1.3,158273.0
"2020-2024","0143",CT_하지,남,통원,"70_74세",13618.4,1.3,167494.0
"2020-2024","0143",CT_하지,여,통원,"75_79세",19813.6,1.3,162394.0
"2020-2024","0143",CT_하지,남,통원,"75_79세",11835.2,1.3,169052.0
"2020-2024","0143",CT_하지,여,통원,"80세 이상",31692.0,1.3,163875.0
"2020-2024","0143",CT_하지,남,통원,"80세 이상",13946.6,1.3,169304.0
